run_order,family_id,prefix,new_filename,original_filename,status,role,purpose,direct_calls_or_reuses,upstream_dependency,primary_inputs,default_outputs,typical_run_command,notes
1,000,A,A000a_sample_5_tile_pairs_per_river_plus_focus.sh,A000a_sample_5_tile_pairs_per_river_plus_focus.sh,renamed existing code,optional QA,Sample paired tiles and focus IDs for visual inspection.,,"See direct_calls_or_reuses and run_order; model dependencies: 025 <- 020, 034 <- 030.",Tiles_for_MAE Train_tile + LCC_Mask,VisualCheck directory + tar.gz,bash A000a_sample_5_tile_pairs_per_river_plus_focus.sh,
2,001,A,A001_make_bathy_lcc_split_trainval.py,A001_make_bathy_lcc_split_trainval.py,renamed existing code,split builder,Create random paired train/val lists for stage3 LCC training.,,"See direct_calls_or_reuses and run_order; model dependencies: 025 <- 020, 034 <- 030.",bathymetry tiles + LCC masks,split txt/csv files,python A001_make_bathy_lcc_split_trainval.py,
3,001,B,B001_run_split_bathy_lcc_trainval.sh,B001_run_split_bathy_lcc_trainval.sh,renamed existing code,split driver,Run A001 on HPC.,A001_make_bathy_lcc_split_trainval.py,"See direct_calls_or_reuses and run_order; model dependencies: 025 <- 020, 034 <- 030.",tile/mask roots,stage3 split directory,sbatch B001_run_split_bathy_lcc_trainval.sh,
4,001,C,C001_smoke_stage3_bathy_lcc_exact_decoder_fullnorm.sh,C001_smoke_stage3_bathy_lcc_exact_decoder_fullnorm.sh,renamed existing code,smoke training,Very short stage3 training test.,,"See direct_calls_or_reuses and run_order; model dependencies: 025 <- 020, 034 <- 030.",stage3 split + upstream checkpoint,smoke run directory,sbatch C001_smoke_stage3_bathy_lcc_exact_decoder_fullnorm.sh,
5,001,C,C002_minitest_stage3_bathy_lcc_exact_decoder_fullnorm.sh,C002_minitest_stage3_bathy_lcc_exact_decoder_fullnorm.sh,renamed existing code,mini training,Small stage3 integration training test.,,"See direct_calls_or_reuses and run_order; model dependencies: 025 <- 020, 034 <- 030.",stage3 split + upstream checkpoint,minitest run directory,sbatch C002_minitest_stage3_bathy_lcc_exact_decoder_fullnorm.sh,
6,001,D,D001_train_stage3_bathy_lcc_exact_decoder_fullnorm.sh,D001_train_stage3_bathy_lcc_exact_decoder_fullnorm.sh,renamed existing code,training,Formal stage3 LCC exact decoder/full normalization training.,,"See direct_calls_or_reuses and run_order; model dependencies: 025 <- 020, 034 <- 030.",stage3 split + upstream checkpoint,stage3 run/checkpoints,sbatch D001_train_stage3_bathy_lcc_exact_decoder_fullnorm.sh,
7,001,E,E001_evaluate_stage3_lcc_exact_per_tile.py,E001_evaluate_stage3_lcc_exact_per_tile.py,renamed existing code,evaluation core,Per-tile exact evaluation for stage3.,,"See direct_calls_or_reuses and run_order; model dependencies: 025 <- 020, 034 <- 030.",stage3 checkpoint + split,evaluation CSV/figures,python E001_evaluate_stage3_lcc_exact_per_tile.py,
8,001,E,E001a_eval_stage3_best_val_lcc_exact_per_tile.sh,E001a_eval_stage3_best_val_lcc_exact_per_tile.sh,renamed existing code,evaluation driver,Evaluate stage3 best checkpoint on validation tiles.,E001_evaluate_stage3_lcc_exact_per_tile.py,"See direct_calls_or_reuses and run_order; model dependencies: 025 <- 020, 034 <- 030.",D001 checkpoint + val lists,stage3 val evaluation,sbatch E001a_eval_stage3_best_val_lcc_exact_per_tile.sh,
9,001,E,E001b_eval_stage3_best_train_lcc_exact_per_tile.sh,E001b_eval_stage3_best_train_lcc_exact_per_tile.sh,renamed existing code,evaluation driver,Evaluate stage3 best checkpoint on training tiles.,E001_evaluate_stage3_lcc_exact_per_tile.py,"See direct_calls_or_reuses and run_order; model dependencies: 025 <- 020, 034 <- 030.",D001 checkpoint + train lists,stage3 train evaluation,sbatch E001b_eval_stage3_best_train_lcc_exact_per_tile.sh,
10,002,A,A002_make_bathy_lcc_split_by_river.py,A002_make_bathy_lcc_split_by_river.py,renamed existing code,split builder,Create river-holdout paired splits for stage4.,,"See direct_calls_or_reuses and run_order; model dependencies: 025 <- 020, 034 <- 030.",bathymetry/LCC tiles,river holdout split,python A002_make_bathy_lcc_split_by_river.py,
11,002,B,B002a_count_bathy_lcc_tiles_by_river.sh,B002a_count_bathy_lcc_tiles_by_river.sh,renamed existing code,QA driver,Count paired tiles by river.,,"See direct_calls_or_reuses and run_order; model dependencies: 025 <- 020, 034 <- 030.",bathymetry/LCC tiles,counts/log output,sbatch B002a_count_bathy_lcc_tiles_by_river.sh,
12,002,B,B002b_split_bathy_lcc_holdout_river.sh,B002b_split_bathy_lcc_holdout_river.sh,renamed existing code,split driver,Run river-level holdout split generation.,A002_make_bathy_lcc_split_by_river.py,"See direct_calls_or_reuses and run_order; model dependencies: 025 <- 020, 034 <- 030.",bathymetry/LCC tiles,holdout split,sbatch B002b_split_bathy_lcc_holdout_river.sh,
13,002,D,D002_train_stage4_bathy_finalmask_holdout_decoder_tilenormVis.sh,D002_train_stage4_bathy_finalmask_holdout_decoder_tilenormVis.sh,renamed existing code,training,Stage4 final-mask holdout training with visible-only tile normalization.,,"See direct_calls_or_reuses and run_order; model dependencies: 025 <- 020, 034 <- 030.",B002 split + checkpoint,stage4 run,sbatch D002_train_stage4_bathy_finalmask_holdout_decoder_tilenormVis.sh,
14,002,D,D002b_train_stage4_bathy_finalmask_holdout_decoder_tilenormFull.sh,D002b_train_stage4_bathy_finalmask_holdout_decoder_tilenormFull.sh,renamed existing code,training variant,Stage4 final-mask holdout training with full-tile normalization.,,"See direct_calls_or_reuses and run_order; model dependencies: 025 <- 020, 034 <- 030.",B002 split + checkpoint,stage4 run,sbatch D002b_train_stage4_bathy_finalmask_holdout_decoder_tilenormFull.sh,
15,002,E,E002_evaluate_stage4_lcc_exact_per_tile.py,E002_evaluate_stage4_lcc_exact_per_tile.py,renamed existing code,evaluation core,Per-tile exact evaluation for stage4 final-mask model.,,"See direct_calls_or_reuses and run_order; model dependencies: 025 <- 020, 034 <- 030.",D002 checkpoint + split,evaluation outputs,python E002_evaluate_stage4_lcc_exact_per_tile.py,
16,002,E,E002a_eval_stage4_best_train_holdout_lcc_exact_per_tile.sh,E002a_eval_stage4_best_train_holdout_lcc_exact_per_tile.sh,renamed existing code,evaluation driver,Evaluate D002 on training tiles.,E002_evaluate_stage4_lcc_exact_per_tile.py,"See direct_calls_or_reuses and run_order; model dependencies: 025 <- 020, 034 <- 030.",D002 checkpoint + train list,train evaluation,sbatch E002a_eval_stage4_best_train_holdout_lcc_exact_per_tile.sh,
17,002,E,E002b_eval_stage4_best_val_holdout_lcc_exact_per_tile.sh,E002b_eval_stage4_best_val_holdout_lcc_exact_per_tile.sh,renamed existing code,evaluation driver,Evaluate D002 on validation tiles.,E002_evaluate_stage4_lcc_exact_per_tile.py,"See direct_calls_or_reuses and run_order; model dependencies: 025 <- 020, 034 <- 030.",D002 checkpoint + val list,val evaluation,sbatch E002b_eval_stage4_best_val_holdout_lcc_exact_per_tile.sh,
18,003,D,D003a_train_stage4_nodataSafe_tilenormVis.sh,D003a_train_stage4_nodataSafe_tilenormVis.sh,renamed existing code,training,"NoData-safe stage4 training, visible-only normalization.",,"See direct_calls_or_reuses and run_order; model dependencies: 025 <- 020, 034 <- 030.",holdout split + data,run/checkpoints,sbatch D003a_train_stage4_nodataSafe_tilenormVis.sh,
19,003,D,D003b_train_stage4_nodataSafe_tilenormFull.sh,D003b_train_stage4_nodataSafe_tilenormFull.sh,renamed existing code,training variant,"NoData-safe stage4 training, full-tile normalization.",,"See direct_calls_or_reuses and run_order; model dependencies: 025 <- 020, 034 <- 030.",holdout split + data,run/checkpoints,sbatch D003b_train_stage4_nodataSafe_tilenormFull.sh,
20,003,E,E003_evaluate_stage4_nodata_core_per_tile.py,E020_evaluate_stage4_nodata_core_per_tile.py,renamed existing code,evaluation core,Evaluate NoData-safe core-loss model per tile.,,"See direct_calls_or_reuses and run_order; model dependencies: 025 <- 020, 034 <- 030.",D003 checkpoint + split,metrics/figures,python E003_evaluate_stage4_nodata_core_per_tile.py,
21,003,E,E003a_eval_stage4_best_val_nodata_core_tilenormVis.sh,E021_eval_stage4_best_val_nodata_core_tilenormVis.sh,renamed existing code,evaluation driver,Evaluate D003 visible-normalization model on validation.,E003_evaluate_stage4_nodata_core_per_tile.py,"See direct_calls_or_reuses and run_order; model dependencies: 025 <- 020, 034 <- 030.",D003 checkpoint,val evaluation,sbatch E003a_eval_stage4_best_val_nodata_core_tilenormVis.sh,
22,004,D,D004a_train_stage4_zeroNDfix_nodataSafe_coreLoss_tilenormVis.sh,D004a_train_stage4_zeroNDfix_nodataSafe_coreLoss_tilenormVis.sh,renamed existing code,training,Zero-NoData fix and core-loss training experiment.,,"See direct_calls_or_reuses and run_order; model dependencies: 025 <- 020, 034 <- 030.",holdout split + corrected data,run/checkpoints,sbatch D004a_train_stage4_zeroNDfix_nodataSafe_coreLoss_tilenormVis.sh,
23,004,E,E004_eval_zeroNDfix_best_exact_pixel.sh,E021b_evaluate_zeroNDfix_best_exact_pixel.sh,renamed existing code,evaluation driver,Exact-pixel evaluation of D004 zero-NoData fix model.,E003_evaluate_stage4_nodata_core_per_tile.py,"See direct_calls_or_reuses and run_order; model dependencies: 025 <- 020, 034 <- 030.",D004 checkpoint,exact-pixel evaluation,sbatch E004_eval_zeroNDfix_best_exact_pixel.sh,
24,005,D,D005_train_stage4_allRiverCanonicalND_coreLoss_tilenormVis.sh,D005_train_stage4_allRiverCanonicalND_coreLoss_tilenormVis.sh,renamed existing code,training,Canonical all-river NoData/core-loss model.,,"See direct_calls_or_reuses and run_order; model dependencies: 025 <- 020, 034 <- 030.",canonical data + split,run/checkpoints,sbatch D005_train_stage4_allRiverCanonicalND_coreLoss_tilenormVis.sh,
25,005,E,E005_evaluate_stage4_predictionOnly_coreBox.py,E030_evaluate_stage4_predictionOnly_coreBox.py,renamed existing code,evaluation core,Prediction-only core-box evaluation used by D005 and LOORO.,,"See direct_calls_or_reuses and run_order; model dependencies: 025 <- 020, 034 <- 030.",checkpoint + split,metrics/figures,python E005_evaluate_stage4_predictionOnly_coreBox.py,
26,005,E,E005a_eval_stage4_best_val_predictionOnly_coreBox.sh,E031_eval_stage4_best_val_predictionOnly_coreBox.sh,renamed existing code,evaluation driver,Evaluate D005 best checkpoint on validation.,E005_evaluate_stage4_predictionOnly_coreBox.py,"See direct_calls_or_reuses and run_order; model dependencies: 025 <- 020, 034 <- 030.",D005 checkpoint,val evaluation,sbatch E005a_eval_stage4_best_val_predictionOnly_coreBox.sh,
27,005,E,E005b_evaluate_allRiverCanonicalND_best_predictionOnly_coreBox.sh,E031b_evaluate_allRiverCanonicalND_best_predictionOnly_coreBox.sh,renamed existing code,evaluation driver,Evaluate all-river canonical D005 best checkpoint.,E005_evaluate_stage4_predictionOnly_coreBox.py,"See direct_calls_or_reuses and run_order; model dependencies: 025 <- 020, 034 <- 030.",D005 checkpoint,all-river evaluation,sbatch E005b_evaluate_allRiverCanonicalND_best_predictionOnly_coreBox.sh,
28,010,A,A010_prepare_LOORO_crossval_splits_and_audits.py,A010_prepare_LOORO_crossval_splits_and_audits.py,renamed existing code,crossval split core,Prepare leave-one-river-out splits and audits.,,"See direct_calls_or_reuses and run_order; model dependencies: 025 <- 020, 034 <- 030.",canonical split/audit inputs,cross_validation splits/audits,python A010_prepare_LOORO_crossval_splits_and_audits.py,
29,010,B,B010_prepare_LOORO_crossval_splits_and_audits.sh,B010_prepare_LOORO_crossval_splits_and_audits.sh,renamed existing code,crossval split driver,Run A010.,A010_prepare_LOORO_crossval_splits_and_audits.py,"See direct_calls_or_reuses and run_order; model dependencies: 025 <- 020, 034 <- 030.",canonical audit,LOORO splits/audits,bash B010_prepare_LOORO_crossval_splits_and_audits.sh,
30,010,D,D010_train_stage4_LOORO_crossval.sh,D010_train_stage4_LOORO_crossval.sh,renamed existing code,crossval training,Train one LOORO fold.,,"See direct_calls_or_reuses and run_order; model dependencies: 025 <- 020, 034 <- 030.",B010 split/audit,fold checkpoint,sbatch D010_train_stage4_LOORO_crossval.sh,
31,010,E,E010a_eval_crossval_all_holdouts_predictionOnly_coreBox.sh,E041_eval_crossval_all_holdouts_predictionOnly_coreBox.sh,renamed existing code,crossval evaluation driver,Evaluate all cross-validation holdouts.,E005_evaluate_stage4_predictionOnly_coreBox.py,"See direct_calls_or_reuses and run_order; model dependencies: 025 <- 020, 034 <- 030.",D010/D010g runs,crossval evaluation folders,sbatch E010a_eval_crossval_all_holdouts_predictionOnly_coreBox.sh,
32,010,E,E010b_run_crossval_suspicious_summary.sh,E042_run_crossval_suspicious_summary.sh,renamed existing code,crossval analysis driver,Run E010c summary.,E010c_analyze_crossval_evaluations_suspicious_tiles.py,"See direct_calls_or_reuses and run_order; model dependencies: 025 <- 020, 034 <- 030.",E010a outputs,crossval summary,bash E010b_run_crossval_suspicious_summary.sh,
33,010,E,E010c_analyze_crossval_evaluations_suspicious_tiles.py,E040_analyze_crossval_evaluations_suspicious_tiles.py,renamed existing code,crossval analysis core,Summarize crossval evaluation and rank suspicious tiles.,,"See direct_calls_or_reuses and run_order; model dependencies: 025 <- 020, 034 <- 030.",E010a outputs,summary CSV + suspicious list,python E010c_analyze_crossval_evaluations_suspicious_tiles.py,
34,010g,A,A010g_prepare_grouped_holdout_from_existing_LOORO.py,A011_prepare_grouped_holdout_from_existing_LOORO.py,renamed existing code,grouped split core,Create grouped holdout from existing LOORO files.,,"See direct_calls_or_reuses and run_order; model dependencies: 025 <- 020, 034 <- 030.",LOORO splits/audits,grouped split/audit,python A010g_prepare_grouped_holdout_from_existing_LOORO.py,
35,010g,B,B010g_prepare_MilwaukeeRiverGroup_holdout.sh,B011_prepare_MilwaukeeRiverGroup_holdout.sh,renamed existing code,grouped split driver,Run grouped Milwaukee holdout preparation.,A010g_prepare_grouped_holdout_from_existing_LOORO.py,"See direct_calls_or_reuses and run_order; model dependencies: 025 <- 020, 034 <- 030.",LOORO files,Milwaukee grouped split,bash B010g_prepare_MilwaukeeRiverGroup_holdout.sh,
36,010g,D,D010g_train_stage4_grouped_LOORO_crossval.sh,D010g_train_stage4_grouped_LOORO_crossval.sh,renamed existing code,crossval training,Train grouped LOORO fold.,,"See direct_calls_or_reuses and run_order; model dependencies: 025 <- 020, 034 <- 030.",B010g split/audit,group checkpoint,sbatch D010g_train_stage4_grouped_LOORO_crossval.sh,
37,010q,A,A010q1_inspect_suspicious_tile_source_chain_exactmask.py,A013_inspect_suspicious_tile_source_chain_exactmask.py,renamed existing code,source QA core,Inspect suspicious tile source chain and exact masks.,,"See direct_calls_or_reuses and run_order; model dependencies: 025 <- 020, 034 <- 030.",suspicious tile list + source rasters,diagnostic outputs,python A010q1_inspect_suspicious_tile_source_chain_exactmask.py,
38,010q,A,A010q2_inspect_suspicious_tile_source_chain_gis_export.py,A014_inspect_suspicious_tile_source_chain_gis_export.py,renamed existing code,GIS QA core,Export suspicious source-chain layers for GIS.,,"See direct_calls_or_reuses and run_order; model dependencies: 025 <- 020, 034 <- 030.",suspicious tile list + source rasters,GIS rasters,python A010q2_inspect_suspicious_tile_source_chain_gis_export.py,
39,010q,B,B010q1_run_source_chain_exactmask_for_suspicious_tiles.sh,B013_run_source_chain_exactmask_for_suspicious_tiles.sh,renamed existing code,source QA driver,Run exact-mask source-chain inspection.,A010q1_inspect_suspicious_tile_source_chain_exactmask.py,"See direct_calls_or_reuses and run_order; model dependencies: 025 <- 020, 034 <- 030.",E010b suspicious list,diagnostic directory,bash B010q1_run_source_chain_exactmask_for_suspicious_tiles.sh,
40,010q,B,B010q2_run_source_chain_gis_export_for_suspicious_tiles.sh,B014_run_source_chain_gis_export_for_suspicious_tiles.sh,renamed existing code,GIS QA driver,Run GIS export.,A010q2_inspect_suspicious_tile_source_chain_gis_export.py,"See direct_calls_or_reuses and run_order; model dependencies: 025 <- 020, 034 <- 030.",E010b suspicious list,GIS output directory,bash B010q2_run_source_chain_gis_export_for_suspicious_tiles.sh,
41,020,A,A020_prepare_v2_dualmask_holdout_split_20260707.py,A016_v2_holdout_split_20260707_final.py,renamed existing code,split core,Prepare v2 dual-mask holdout lists.,,"See direct_calls_or_reuses and run_order; model dependencies: 025 <- 020, 034 <- 030.",Tiles_for_MAE_v2,cross_validation_v2 splits,python A020_prepare_v2_dualmask_holdout_split_20260707.py,
42,020,A,A020s_prepare_v2_dualmask_stdstratified_river_split_20260708.py,A017_v2_prepare_stdstratified_river_split_20260708.py,renamed existing code,split core variant,Prepare river-level std-stratified v2 split.,,"See direct_calls_or_reuses and run_order; model dependencies: 025 <- 020, 034 <- 030.",Tiles_for_MAE_v2,std-strat split,python A020s_prepare_v2_dualmask_stdstratified_river_split_20260708.py,
43,020,D,D020_v2_dualmask_coreloss_train_backend_normES_20260708.sh,D020_v2_dualmask_coreloss_train_backend_normES_20260708.sh,renamed existing code,training backend,Normalized-loss v2 dual-mask training backend.,,"See direct_calls_or_reuses and run_order; model dependencies: 025 <- 020, 034 <- 030.",v2 split + tiles,NormOnly checkpoints,bash D020_v2_dualmask_coreloss_train_backend_normES_20260708.sh,
44,020,D,D021_v2_dualmask_holdout_select_normES_D001NoDataSafe_20260709.sh,D021_v2_dualmask_holdout_select_normES_D001NoDataSafe_20260709.sh,renamed existing code,holdout training driver,Train NormOnly holdout model.,A020_prepare_v2_dualmask_holdout_split_20260707.py; D020_v2_dualmask_coreloss_train_backend_normES_20260708.sh,"See direct_calls_or_reuses and run_order; model dependencies: 025 <- 020, 034 <- 030.",v2 tiles,cross_validation_v2 runs,sbatch D021_v2_dualmask_holdout_select_normES_D001NoDataSafe_20260709.sh,
45,020,D,D024_v2_dualmask_stdstrat_normES_D001NoDataSafe_20260709.sh,D024_v2_dualmask_stdstrat_normES_D001NoDataSafe_20260709.sh,renamed existing code,stdstrat training driver,Train NormOnly std-strat model.,A020s_prepare_v2_dualmask_stdstratified_river_split_20260708.py; D020_v2_dualmask_coreloss_train_backend_normES_20260708.sh,"See direct_calls_or_reuses and run_order; model dependencies: 025 <- 020, 034 <- 030.",v2 tiles,cross_validation_v2 runs,sbatch D024_v2_dualmask_stdstrat_normES_D001NoDataSafe_20260709.sh,
46,020,E,E020_evaluate_NormOnly_core_pixel_metrics_overlayvis_20260710.py,E050_v2_dualmask_evaluate_core_pixel_metrics_D001NoDataSafe_overlayvis_20260710.py,renamed existing code,evaluation core,Core-pixel train/val evaluation for NormOnly.,,"See direct_calls_or_reuses and run_order; model dependencies: 025 <- 020, 034 <- 030.",NormOnly checkpoint + split,evaluation metrics/figures,python E020_evaluate_NormOnly_core_pixel_metrics_overlayvis_20260710.py,
47,020,E,E021_run_NormOnly_train_val_core_pixel_eval_overlayvis_20260710.sh,E051_run_v2_train_val_core_pixel_eval_D001NoDataSafe_overlayvis_20260710.sh,renamed existing code,evaluation driver,Run NormOnly train/val evaluation.,E020_evaluate_NormOnly_core_pixel_metrics_overlayvis_20260710.py,"See direct_calls_or_reuses and run_order; model dependencies: 025 <- 020, 034 <- 030.",D021/D024 checkpoint,run-local evaluation,sbatch E021_run_NormOnly_train_val_core_pixel_eval_overlayvis_20260710.sh,
48,020,F,F020_fullriver_predict_NormOnly_TileAvgVRT_CoreFinalLossOnly_20260710.py,F012_fullriver_predict_tileavg_vrt_CoreFinalLossOnly_Inst1DSafe_20260710.py,renamed existing code,full-river inference core,Predict full river with overlap averaging for NormOnly.,,"See direct_calls_or_reuses and run_order; model dependencies: 025 <- 020, 034 <- 030.",NormOnly checkpoint + E001 tiles,legacy F010 prediction products,python F020_fullriver_predict_NormOnly_TileAvgVRT_CoreFinalLossOnly_20260710.py,
49,020,F,F021_run_fullriver_inference_NormOnly_TileAvgVRT_20260710.sh,F013_run_fullriver_inference_tileavg_vrt_CoreFinalLossOnly_Inst1DSafe_20260710.sh,renamed existing code,full-river inference driver,Run NormOnly full-river inference.,F020_fullriver_predict_NormOnly_TileAvgVRT_CoreFinalLossOnly_20260710.py,"See direct_calls_or_reuses and run_order; model dependencies: 025 <- 020, 034 <- 030.",D021 checkpoint + full-river tiles,FullRiver_Predictions_F010...,sbatch F021_run_fullriver_inference_NormOnly_TileAvgVRT_20260710.sh,
50,020,F,F022_fullriver_gt_error_NormOnly_UniqueCompatible_20260710.py,F020_fullriver_gt_error_tilevrt_CoreFinalLossOnly_20260710.py,renamed existing code,full-river error core,Build GT/error tiles and metrics for NormOnly.,,"See direct_calls_or_reuses and run_order; model dependencies: 025 <- 020, 034 <- 030.",F021 prediction products,legacy F020 error products,python F022_fullriver_gt_error_NormOnly_UniqueCompatible_20260710.py,
51,020,F,F023_run_fullriver_gt_error_NormOnly_20260710.sh,F021_run_fullriver_gt_error_tilevrt_CoreFinalLossOnly_20260710.sh,renamed existing code,full-river error driver,Run NormOnly full-river error calculation.,F022_fullriver_gt_error_NormOnly_UniqueCompatible_20260710.py,"See direct_calls_or_reuses and run_order; model dependencies: 025 <- 020, 034 <- 030.",F021 outputs,FullRiver_GT_Error_F020...,sbatch F023_run_fullriver_gt_error_NormOnly_20260710.sh,
52,020,F,F024_submit_three_holdout_NormOnly_eval_inference_error_20260727.sh,,new aligned code,workflow driver,Submit three NormOnly evaluation/inference/error workflows.,E021; F021; F023,"See direct_calls_or_reuses and run_order; model dependencies: 025 <- 020, 034 <- 030.",D021 formal runs,Slurm jobs,bash F024_submit_three_holdout_NormOnly_eval_inference_error_20260727.sh,
53,020,G,G020_build_NormOnly_holdout_dashboard_1m_WhiteNoBasemap_PointProbe_20260711.py,F051_build_holdout_dashboard_1m_WhiteNoBasemap_PointProbe_20260711.py,renamed existing code,dashboard core,Build 1 m NormOnly Leaflet dashboard.,,"See direct_calls_or_reuses and run_order; model dependencies: 025 <- 020, 034 <- 030.",F021/F023 + E001 tiles,FullRiver_WebMap_F051...,python G020_build_NormOnly_holdout_dashboard_1m_WhiteNoBasemap_PointProbe_20260711.py,
54,020,G,G021_run_NormOnly_holdout_dashboard_1m_WhiteNoBasemap_PointProbe_20260711.sh,F052_run_holdout_dashboard_1m_WhiteNoBasemap_PointProbe_20260711.sh,renamed existing code,dashboard driver,Run NormOnly dashboard builder.,G020_build_NormOnly_holdout_dashboard_1m_WhiteNoBasemap_PointProbe_20260711.py,"See direct_calls_or_reuses and run_order; model dependencies: 025 <- 020, 034 <- 030.",NormOnly prediction/error roots,HTML + ZIP,sbatch G021_run_NormOnly_holdout_dashboard_1m_WhiteNoBasemap_PointProbe_20260711.sh,
55,025,D,D025_train_stage2_MeterMAE_FromNorm_backend_20260725.sh,D025_train_stage2_MeterMAE_FromNorm_backend_20260725.sh,renamed existing code,training backend,Stage2 meter-MAE fine-tuning from NormOnly checkpoint.,,"See direct_calls_or_reuses and run_order; model dependencies: 025 <- 020, 034 <- 030.",D020/D021 checkpoint + same split,NormThenMeter checkpoint,bash D025_train_stage2_MeterMAE_FromNorm_backend_20260725.sh,
56,025,D,D026_v2_dualmask_holdout_Stage2MeterMAE_FromNorm_RuntimeLogSafe_20260725.sh,D026_v2_dualmask_holdout_Stage2MeterMAE_FromNorm_RuntimeLogSafe_20260725.sh,renamed existing code,holdout training driver,Train NormThenMeter holdout model.,D025_train_stage2_MeterMAE_FromNorm_backend_20260725.sh,"See direct_calls_or_reuses and run_order; model dependencies: 025 <- 020, 034 <- 030.",NormOnly best checkpoint,cross_validation_v6 runs,sbatch D026_v2_dualmask_holdout_Stage2MeterMAE_FromNorm_RuntimeLogSafe_20260725.sh,
57,025,D,D027_v2_dualmask_stdstrat_Stage2MeterMAE_FromNorm_RuntimeLogSafe_20260725.sh,D027_v2_dualmask_stdstrat_Stage2MeterMAE_FromNorm_RuntimeLogSafe_20260725.sh,renamed existing code,stdstrat training driver,Train NormThenMeter std-strat model.,D025_train_stage2_MeterMAE_FromNorm_backend_20260725.sh,"See direct_calls_or_reuses and run_order; model dependencies: 025 <- 020, 034 <- 030.",NormOnly stdstrat checkpoint,cross_validation_v6 runs,sbatch D027_v2_dualmask_stdstrat_Stage2MeterMAE_FromNorm_RuntimeLogSafe_20260725.sh,
58,025,D,D028_submit_three_holdout_Stage2MeterMAE_FromNorm_20260725.sh,D028_submit_three_holdout_Stage2MeterMAE_FromNorm_20260725.sh,renamed existing code,training workflow,Submit CA/CO/Santiam NormThenMeter training.,D026_v2_dualmask_holdout_Stage2MeterMAE_FromNorm_RuntimeLogSafe_20260725.sh,"See direct_calls_or_reuses and run_order; model dependencies: 025 <- 020, 034 <- 030.",NormOnly formal runs,three Slurm jobs,bash D028_submit_three_holdout_Stage2MeterMAE_FromNorm_20260725.sh,
59,025,E,E025_evaluate_NormThenMeter_core_pixel_metrics_overlayvis_20260727.py,,new aligned code,evaluation core,Core-pixel evaluation for NormThenMeter.,,"See direct_calls_or_reuses and run_order; model dependencies: 025 <- 020, 034 <- 030.",D026 checkpoint + split,evaluation metrics/figures,python E025_evaluate_NormThenMeter_core_pixel_metrics_overlayvis_20260727.py,
60,025,E,E026_run_NormThenMeter_train_val_core_pixel_eval_20260727.sh,,new aligned code,evaluation driver,Run NormThenMeter train/val evaluation.,E025_evaluate_NormThenMeter_core_pixel_metrics_overlayvis_20260727.py,"See direct_calls_or_reuses and run_order; model dependencies: 025 <- 020, 034 <- 030.",D026 checkpoint,run-local evaluation,sbatch E026_run_NormThenMeter_train_val_core_pixel_eval_20260727.sh,
61,025,F,F025_fullriver_predict_NormThenMeter_TileAvgVRT_CoreFinalLossOnly_20260727.py,,new aligned code,full-river inference core,Full-river prediction for NormThenMeter.,,"See direct_calls_or_reuses and run_order; model dependencies: 025 <- 020, 034 <- 030.",D026 checkpoint + strict E001 tiles,legacy F060-format prediction products,python F025_fullriver_predict_NormThenMeter_TileAvgVRT_CoreFinalLossOnly_20260727.py,
62,025,F,F026_run_fullriver_inference_NormThenMeter_TileAvgVRT_20260727.sh,,new aligned code,full-river inference driver,Run NormThenMeter full-river prediction.,F025_fullriver_predict_NormThenMeter_TileAvgVRT_CoreFinalLossOnly_20260727.py,"See direct_calls_or_reuses and run_order; model dependencies: 025 <- 020, 034 <- 030.",D026 checkpoint,FullRiver_Predictions_G001...,sbatch F026_run_fullriver_inference_NormThenMeter_TileAvgVRT_20260727.sh,
63,025,F,F027_fullriver_gt_error_NormThenMeter_UniquePixel_20260727.py,,new aligned code,full-river error core,Build unique-pixel GT/error for NormThenMeter.,,"See direct_calls_or_reuses and run_order; model dependencies: 025 <- 020, 034 <- 030.",F026 prediction products,legacy F062-format error products,python F027_fullriver_gt_error_NormThenMeter_UniquePixel_20260727.py,
64,025,F,F028_run_fullriver_gt_error_NormThenMeter_UniquePixel_20260727.sh,,new aligned code,full-river error driver,Run NormThenMeter error calculation.,F027_fullriver_gt_error_NormThenMeter_UniquePixel_20260727.py,"See direct_calls_or_reuses and run_order; model dependencies: 025 <- 020, 034 <- 030.",F026 outputs,FullRiver_GT_Error_G002...,sbatch F028_run_fullriver_gt_error_NormThenMeter_UniquePixel_20260727.sh,
65,025,F,F029_submit_three_holdout_NormThenMeter_eval_inference_error_20260727.sh,,new aligned code,workflow driver,Submit three NormThenMeter evaluation/inference/error workflows.,E026; F026; F028,"See direct_calls_or_reuses and run_order; model dependencies: 025 <- 020, 034 <- 030.",D026 formal runs,Slurm jobs,bash F029_submit_three_holdout_NormThenMeter_eval_inference_error_20260727.sh,
66,025,G,G025_build_NormThenMeter_holdout_dashboard_1m_WhiteNoBasemap_PointProbe_20260727.py,,new aligned code,dashboard core,Build NormThenMeter full-river dashboard.,,"See direct_calls_or_reuses and run_order; model dependencies: 025 <- 020, 034 <- 030.",F026/F028 + E001 tiles,NormThenMeter HTML package,python G025_build_NormThenMeter_holdout_dashboard_1m_WhiteNoBasemap_PointProbe_20260727.py,
67,025,G,G026_run_NormThenMeter_holdout_dashboard_1m_WhiteNoBasemap_PointProbe_20260727.sh,,new aligned code,dashboard driver,Run NormThenMeter dashboard builder.,G025_build_NormThenMeter_holdout_dashboard_1m_WhiteNoBasemap_PointProbe_20260727.py,"See direct_calls_or_reuses and run_order; model dependencies: 025 <- 020, 034 <- 030.",NormThenMeter prediction/error roots,HTML + ZIP,sbatch G026_run_NormThenMeter_holdout_dashboard_1m_WhiteNoBasemap_PointProbe_20260727.sh,
68,030,D,D030_train_v2_dualmask_corePixel_meterMAE_BaselineEval_backend_20260713.sh,D030_train_v2_dualmask_corePixel_meterMAE_BaselineEval_backend_20260713.sh,renamed existing code,training backend,MeterOnly v2 dual-mask training backend.,,"See direct_calls_or_reuses and run_order; model dependencies: 025 <- 020, 034 <- 030.",v2 splits + tiles,MeterOnly checkpoint,bash D030_train_v2_dualmask_corePixel_meterMAE_BaselineEval_backend_20260713.sh,
69,030,D,D031_v2_dualmask_holdout_meterMAE_BaselineEval_RuntimeLogSafe_D001NoDataSafe_20260713.sh,D031_v2_dualmask_holdout_meterMAE_BaselineEval_RuntimeLogSafe_D001NoDataSafe_20260713.sh,renamed existing code,holdout training driver,Train MeterOnly holdout model.,D030_train_v2_dualmask_corePixel_meterMAE_BaselineEval_backend_20260713.sh,"See direct_calls_or_reuses and run_order; model dependencies: 025 <- 020, 034 <- 030.",A020 split,cross_validation_v4 runs,sbatch D031_v2_dualmask_holdout_meterMAE_BaselineEval_RuntimeLogSafe_D001NoDataSafe_20260713.sh,
70,030,D,D032_v2_dualmask_stdstrat_meterMAE_BaselineEval_RuntimeLogSafe_D001NoDataSafe_20260713.sh,D032_v2_dualmask_stdstrat_meterMAE_BaselineEval_RuntimeLogSafe_D001NoDataSafe_20260713.sh,renamed existing code,stdstrat training driver,Train MeterOnly std-strat model.,D030_train_v2_dualmask_corePixel_meterMAE_BaselineEval_backend_20260713.sh,"See direct_calls_or_reuses and run_order; model dependencies: 025 <- 020, 034 <- 030.",A020s split,cross_validation_v4 runs,sbatch D032_v2_dualmask_stdstrat_meterMAE_BaselineEval_RuntimeLogSafe_D001NoDataSafe_20260713.sh,
71,030,D,D033_submit_three_holdout_meterMAE_BaselineEval_20260713.sh,D033_submit_three_holdout_meterMAE_BaselineEval_20260713.sh,renamed existing code,training workflow,Submit CA/CO/Santiam MeterOnly training.,D031_v2_dualmask_holdout_meterMAE_BaselineEval_RuntimeLogSafe_D001NoDataSafe_20260713.sh,"See direct_calls_or_reuses and run_order; model dependencies: 025 <- 020, 034 <- 030.",A020 splits,three Slurm jobs,bash D033_submit_three_holdout_meterMAE_BaselineEval_20260713.sh,
72,030,E,E030_evaluate_MeterOnly_core_pixel_metrics_overlayvis_20260713.py,E060_v4_meterMAE_evaluate_core_pixel_metrics_overlayvis_20260713.py,renamed existing code,evaluation core,Core-pixel evaluation for MeterOnly.,,"See direct_calls_or_reuses and run_order; model dependencies: 025 <- 020, 034 <- 030.",D031 checkpoint + split,evaluation metrics/figures,python E030_evaluate_MeterOnly_core_pixel_metrics_overlayvis_20260713.py,
73,030,E,E031_run_MeterOnly_train_val_core_pixel_eval_20260713.sh,E061_run_v4_meterMAE_train_val_core_pixel_eval_20260713.sh,renamed existing code,evaluation driver,Run MeterOnly train/val evaluation.,E030_evaluate_MeterOnly_core_pixel_metrics_overlayvis_20260713.py,"See direct_calls_or_reuses and run_order; model dependencies: 025 <- 020, 034 <- 030.",D031 checkpoint,run-local evaluation,sbatch E031_run_MeterOnly_train_val_core_pixel_eval_20260713.sh,
74,030,F,F030_fullriver_predict_MeterOnly_TileAvgVRT_CoreFinalLossOnly_20260713.py,F060_fullriver_predict_tileavg_vrt_MeterMAE_CoreFinalLossOnly_Inst1DSafe_20260713.py,renamed existing code,full-river inference core,Full-river prediction for MeterOnly.,,"See direct_calls_or_reuses and run_order; model dependencies: 025 <- 020, 034 <- 030.",D031 checkpoint + E001 tiles,FullRiver_Predictions_F060...,python F030_fullriver_predict_MeterOnly_TileAvgVRT_CoreFinalLossOnly_20260713.py,
75,030,F,F031_run_fullriver_inference_MeterOnly_TileAvgVRT_20260713.sh,F061_run_fullriver_inference_meterMAE_TileAvgVRT_20260713.sh,renamed existing code,full-river inference driver,Run MeterOnly full-river prediction.,F030_fullriver_predict_MeterOnly_TileAvgVRT_CoreFinalLossOnly_20260713.py,"See direct_calls_or_reuses and run_order; model dependencies: 025 <- 020, 034 <- 030.",D031 checkpoint,FullRiver_Predictions_F060...,sbatch F031_run_fullriver_inference_MeterOnly_TileAvgVRT_20260713.sh,
76,030,F,F032_fullriver_gt_error_MeterOnly_UniquePixel_20260713.py,F062_fullriver_gt_error_uniquePixel_MeterMAE_20260713.py,renamed existing code,full-river error core,Build unique-pixel GT/error for MeterOnly.,,"See direct_calls_or_reuses and run_order; model dependencies: 025 <- 020, 034 <- 030.",F031 prediction products,FullRiver_GT_Error_F062...,python F032_fullriver_gt_error_MeterOnly_UniquePixel_20260713.py,
77,030,F,F033_run_fullriver_gt_error_MeterOnly_UniquePixel_20260713.sh,F063_run_fullriver_gt_error_uniquePixel_MeterMAE_20260713.sh,renamed existing code,full-river error driver,Run MeterOnly full-river error calculation.,F032_fullriver_gt_error_MeterOnly_UniquePixel_20260713.py,"See direct_calls_or_reuses and run_order; model dependencies: 025 <- 020, 034 <- 030.",F031 outputs,FullRiver_GT_Error_F062...,sbatch F033_run_fullriver_gt_error_MeterOnly_UniquePixel_20260713.sh,
78,030,F,F033b_submit_three_holdout_MeterOnly_eval_inference_error_20260713.sh,F064_submit_three_holdout_meterMAE_eval_inference_metrics_20260713.sh,renamed existing code,workflow driver,Submit three MeterOnly evaluation/inference/error workflows.,E031; F031; F033,"See direct_calls_or_reuses and run_order; model dependencies: 025 <- 020, 034 <- 030.",D031 formal runs,Slurm jobs,bash F033b_submit_three_holdout_MeterOnly_eval_inference_error_20260713.sh,
79,030,G,G030_build_MeterOnly_holdout_dashboard_1m_WhiteNoBasemap_PointProbe_20260714.py,G010_build_meterMAE_holdout_dashboard_1m_WhiteNoBasemap_PointProbe_F051Stable_20260714.py,renamed existing code,dashboard core,Build MeterOnly full-river dashboard.,,"See direct_calls_or_reuses and run_order; model dependencies: 025 <- 020, 034 <- 030.",F031/F033 + E001 tiles,FullRiver_WebMap_G010...,python G030_build_MeterOnly_holdout_dashboard_1m_WhiteNoBasemap_PointProbe_20260714.py,
80,030,G,G031_run_MeterOnly_holdout_dashboard_1m_WhiteNoBasemap_PointProbe_20260714.sh,G011_run_meterMAE_holdout_dashboard_1m_WhiteNoBasemap_PointProbe_F051Stable_20260714.sh,renamed existing code,dashboard driver,Run MeterOnly dashboard builder.,G030_build_MeterOnly_holdout_dashboard_1m_WhiteNoBasemap_PointProbe_20260714.py,"See direct_calls_or_reuses and run_order; model dependencies: 025 <- 020, 034 <- 030.",MeterOnly prediction/error roots,HTML + ZIP,sbatch G031_run_MeterOnly_holdout_dashboard_1m_WhiteNoBasemap_PointProbe_20260714.sh,
81,034,D,D034_train_stage2_NormalizedMSE_MeterSelect_backend_20260713.sh,D034_train_stage2_NormalizedMSE_MeterSelect_backend_20260713.sh,renamed existing code,training backend,"Stage2 normalized-MSE fine-tuning from MeterOnly checkpoint, meter-based selection.",,"See direct_calls_or_reuses and run_order; model dependencies: 025 <- 020, 034 <- 030.",MeterOnly checkpoint,MeterThenNorm checkpoint,bash D034_train_stage2_NormalizedMSE_MeterSelect_backend_20260713.sh,
82,034,D,D035_v2_dualmask_holdout_Stage2NormMSE_MeterSelect_RuntimeLogSafe_20260713.sh,D035_v2_dualmask_holdout_Stage2NormMSE_MeterSelect_RuntimeLogSafe_20260713.sh,renamed existing code,holdout training driver,Train MeterThenNorm holdout model.,D034_train_stage2_NormalizedMSE_MeterSelect_backend_20260713.sh,"See direct_calls_or_reuses and run_order; model dependencies: 025 <- 020, 034 <- 030.",D031 checkpoint,cross_validation_v5 runs,sbatch D035_v2_dualmask_holdout_Stage2NormMSE_MeterSelect_RuntimeLogSafe_20260713.sh,
83,034,D,D036_v2_dualmask_stdstrat_Stage2NormMSE_MeterSelect_RuntimeLogSafe_20260713.sh,D036_v2_dualmask_stdstrat_Stage2NormMSE_MeterSelect_RuntimeLogSafe_20260713.sh,renamed existing code,stdstrat training driver,Train MeterThenNorm std-strat model.,D034_train_stage2_NormalizedMSE_MeterSelect_backend_20260713.sh,"See direct_calls_or_reuses and run_order; model dependencies: 025 <- 020, 034 <- 030.",D032 checkpoint,cross_validation_v5 runs,sbatch D036_v2_dualmask_stdstrat_Stage2NormMSE_MeterSelect_RuntimeLogSafe_20260713.sh,
84,034,D,D037_submit_three_holdout_Stage2NormMSE_MeterSelect_20260713.sh,D037_submit_three_holdout_Stage2NormMSE_MeterSelect_20260713.sh,renamed existing code,training workflow,Submit CA/CO/Santiam MeterThenNorm training.,D035_v2_dualmask_holdout_Stage2NormMSE_MeterSelect_RuntimeLogSafe_20260713.sh,"See direct_calls_or_reuses and run_order; model dependencies: 025 <- 020, 034 <- 030.",MeterOnly formal runs,three Slurm jobs,bash D037_submit_three_holdout_Stage2NormMSE_MeterSelect_20260713.sh,
85,034,E,E034_evaluate_MeterThenNorm_core_pixel_metrics_overlayvis_YYYYMMDD.py,,planned,MeterThenNorm evaluation core,Not present in backup; should reuse E030 mathematics with D035 checkpoint.,,,,,,Not present in backup; should reuse E030 mathematics with D035 checkpoint.
86,034,E,E035_run_MeterThenNorm_train_val_core_pixel_eval_YYYYMMDD.sh,,planned,MeterThenNorm evaluation driver,Not present in backup.,,,,,,Not present in backup.
87,034,F,F034_fullriver_predict_MeterThenNorm_TileAvgVRT_YYYYMMDD.py,,planned,MeterThenNorm full-river inference core,Not present in backup.,,,,,,Not present in backup.
88,034,F,F035_run_fullriver_inference_MeterThenNorm_YYYYMMDD.sh,,planned,MeterThenNorm inference driver,Not present in backup.,,,,,,Not present in backup.
89,034,F,F036_fullriver_gt_error_MeterThenNorm_UniquePixel_YYYYMMDD.py,,planned,MeterThenNorm error core,Not present in backup.,,,,,,Not present in backup.
90,034,F,F037_run_fullriver_gt_error_MeterThenNorm_UniquePixel_YYYYMMDD.sh,,planned,MeterThenNorm error driver,Not present in backup.,,,,,,Not present in backup.
91,090,G,G090_compare_fullriver_error_distribution_NormOnly_vs_MeterOnly_20260714.py,F065_compare_fullriver_error_distribution_norm_vs_meter_20260714.py,renamed existing code,cross-model analysis core,Compare unique full-river error distributions: NormOnly vs MeterOnly.,,"See direct_calls_or_reuses and run_order; model dependencies: 025 <- 020, 034 <- 030.",NormOnly and MeterOnly prediction/error manifests,distribution figures + CSV,python G090_compare_fullriver_error_distribution_NormOnly_vs_MeterOnly_20260714.py,
92,090,G,G091_run_compare_fullriver_error_distribution_NormOnly_vs_MeterOnly_20260714.sh,F066_run_fullriver_compare_error_distribution_norm_vs_meter_20260714.sh,renamed existing code,cross-model analysis driver,Run G090 distribution comparison.,G090_compare_fullriver_error_distribution_NormOnly_vs_MeterOnly_20260714.py,"See direct_calls_or_reuses and run_order; model dependencies: 025 <- 020, 034 <- 030.",F023 + F033 outputs,FullRiver_ErrorDistribution_F065...,sbatch G091_run_compare_fullriver_error_distribution_NormOnly_vs_MeterOnly_20260714.sh,
93,090,G,G092_compare_NormThenMeter_vs_MeterOnly_local_reaches_20260727.py,,new aligned code,cross-model local analysis core,Compare NormThenMeter and MeterOnly globally and at best/middle/worst reaches.,,"See direct_calls_or_reuses and run_order; model dependencies: 025 <- 020, 034 <- 030.",F028 + F033 outputs and prediction manifests,"local figures, GeoTIFFs, HTML, CSV",python G092_compare_NormThenMeter_vs_MeterOnly_local_reaches_20260727.py,
94,090,G,G093_run_compare_NormThenMeter_vs_MeterOnly_local_reaches_20260727.sh,,new aligned code,cross-model local analysis driver,Run G092 local-reach comparison.,G092_compare_NormThenMeter_vs_MeterOnly_local_reaches_20260727.py,"See direct_calls_or_reuses and run_order; model dependencies: 025 <- 020, 034 <- 030.",NormThenMeter and MeterOnly full-river outputs,FullRiver_Analysis_G004...,sbatch G093_run_compare_NormThenMeter_vs_MeterOnly_local_reaches_20260727.sh,
