preset,river,segment_id,tile_id,key,tile_path,hidden_path,loss_path,core_loss_path,avg_pred_tile_path,overlap_count_tile_path,mosaic_row0,mosaic_col0,tile_height,tile_width,core_loss_valid_pixels_before_prediction_filter,prediction_patch_pixels,core_final_loss_pixels,final_prediction_pixels_after_prediction_patch_filter,excluded_visible_core_loss_pixels,prediction_patch_filter_applied,tile_overlap_min,tile_overlap_mean,tile_overlap_max
CA,CA_KlamathRiver_TopoBathy_2018_D18,CA_L1344_P002896-002905,2896,1m_CA_KlamathRiver_TopoBathy_2018_D18_ID2896,/tank/data/SFS/xinyis/data/bathymetry/Processed_Results/Tiles_for_MAE_FullRiver_E001c_AnyVisiblePatch/Tiles_1m/FullRiver_tile/E001_FullRiver_tile_1m_CA_KlamathRiver_TopoBathy_2018_D18_ID2896.tif,/tank/data/SFS/xinyis/data/bathymetry/Processed_Results/Tiles_for_MAE_FullRiver_E001c_AnyVisiblePatch/Tiles_1m/Hidden_Mask/E001_tile_1m_CA_KlamathRiver_TopoBathy_2018_D18_ID2896_HiddenMask.tif,/tank/data/SFS/xinyis/data/bathymetry/Processed_Results/Tiles_for_MAE_FullRiver_E001c_AnyVisiblePatch/Tiles_1m/Loss_Mask_Pixel/E001_tile_1m_CA_KlamathRiver_TopoBathy_2018_D18_ID2896_LossMaskPixel.tif,/tank/data/SFS/xinyis/data/bathymetry/Processed_Results/Tiles_for_MAE_FullRiver_E001c_AnyVisiblePatch/Tiles_1m/Core_Loss_Mask_Pixel/E001_tile_1m_CA_KlamathRiver_TopoBathy_2018_D18_ID2896_CoreLossMaskPixel.tif,/tank/data/SFS/xinyis/data/bathymetry/MAE-Topography/Downstream_Task_Bathy_relax_HiddenMask/results/FullRiver_Predictions_F044_MeterOnly_D001cAnyVisiblePatch/holdout_CA_D044MeterOnly_D001cAnyVisiblePatch_D001NoDataSafe/CA_KlamathRiver_TopoBathy_2018_D18/tile_predictions_core_final_loss_avg/F044_avg_pred_m_1m_CA_KlamathRiver_TopoBathy_2018_D18_ID2896_core_final_loss.tif,/tank/data/SFS/xinyis/data/bathymetry/MAE-Topography/Downstream_Task_Bathy_relax_HiddenMask/results/FullRiver_Predictions_F044_MeterOnly_D001cAnyVisiblePatch/holdout_CA_D044MeterOnly_D001cAnyVisiblePatch_D001NoDataSafe/CA_KlamathRiver_TopoBathy_2018_D18/tile_overlap_count_core_final_loss/F044_overlap_count_1m_CA_KlamathRiver_TopoBathy_2018_D18_ID2896_core_final_loss.tif,32020,106473,336,336,4494,6656,1280,1280,3214,1,1,2.02578125,3
CA,CA_KlamathRiver_TopoBathy_2018_D18,CA_L1344_P002896-002905,2897,1m_CA_KlamathRiver_TopoBathy_2018_D18_ID2897,/tank/data/SFS/xinyis/data/bathymetry/Processed_Results/Tiles_for_MAE_FullRiver_E001c_AnyVisiblePatch/Tiles_1m/FullRiver_tile/E001_FullRiver_tile_1m_CA_KlamathRiver_TopoBathy_2018_D18_ID2897.tif,/tank/data/SFS/xinyis/data/bathymetry/Processed_Results/Tiles_for_MAE_FullRiver_E001c_AnyVisiblePatch/Tiles_1m/Hidden_Mask/E001_tile_1m_CA_KlamathRiver_TopoBathy_2018_D18_ID2897_HiddenMask.tif,/tank/data/SFS/xinyis/data/bathymetry/Processed_Results/Tiles_for_MAE_FullRiver_E001c_AnyVisiblePatch/Tiles_1m/Loss_Mask_Pixel/E001_tile_1m_CA_KlamathRiver_TopoBathy_2018_D18_ID2897_LossMaskPixel.tif,/tank/data/SFS/xinyis/data/bathymetry/Processed_Results/Tiles_for_MAE_FullRiver_E001c_AnyVisiblePatch/Tiles_1m/Core_Loss_Mask_Pixel/E001_tile_1m_CA_KlamathRiver_TopoBathy_2018_D18_ID2897_CoreLossMaskPixel.tif,/tank/data/SFS/xinyis/data/bathymetry/MAE-Topography/Downstream_Task_Bathy_relax_HiddenMask/results/FullRiver_Predictions_F044_MeterOnly_D001cAnyVisiblePatch/holdout_CA_D044MeterOnly_D001cAnyVisiblePatch_D001NoDataSafe/CA_KlamathRiver_TopoBathy_2018_D18/tile_predictions_core_final_loss_avg/F044_avg_pred_m_1m_CA_KlamathRiver_TopoBathy_2018_D18_ID2897_core_final_loss.tif,/tank/data/SFS/xinyis/data/bathymetry/MAE-Topography/Downstream_Task_Bathy_relax_HiddenMask/results/FullRiver_Predictions_F044_MeterOnly_D001cAnyVisiblePatch/holdout_CA_D044MeterOnly_D001cAnyVisiblePatch_D001NoDataSafe/CA_KlamathRiver_TopoBathy_2018_D18/tile_overlap_count_core_final_loss/F044_overlap_count_1m_CA_KlamathRiver_TopoBathy_2018_D18_ID2897_core_final_loss.tif,31965,106480,336,336,5498,9472,3328,3328,2170,1,1,1.4951923076923077,3
CA,CA_KlamathRiver_TopoBathy_2018_D18,CA_L1344_P002896-002905,2898,1m_CA_KlamathRiver_TopoBathy_2018_D18_ID2898,/tank/data/SFS/xinyis/data/bathymetry/Processed_Results/Tiles_for_MAE_FullRiver_E001c_AnyVisiblePatch/Tiles_1m/FullRiver_tile/E001_FullRiver_tile_1m_CA_KlamathRiver_TopoBathy_2018_D18_ID2898.tif,/tank/data/SFS/xinyis/data/bathymetry/Processed_Results/Tiles_for_MAE_FullRiver_E001c_AnyVisiblePatch/Tiles_1m/Hidden_Mask/E001_tile_1m_CA_KlamathRiver_TopoBathy_2018_D18_ID2898_HiddenMask.tif,/tank/data/SFS/xinyis/data/bathymetry/Processed_Results/Tiles_for_MAE_FullRiver_E001c_AnyVisiblePatch/Tiles_1m/Loss_Mask_Pixel/E001_tile_1m_CA_KlamathRiver_TopoBathy_2018_D18_ID2898_LossMaskPixel.tif,/tank/data/SFS/xinyis/data/bathymetry/Processed_Results/Tiles_for_MAE_FullRiver_E001c_AnyVisiblePatch/Tiles_1m/Core_Loss_Mask_Pixel/E001_tile_1m_CA_KlamathRiver_TopoBathy_2018_D18_ID2898_CoreLossMaskPixel.tif,/tank/data/SFS/xinyis/data/bathymetry/MAE-Topography/Downstream_Task_Bathy_relax_HiddenMask/results/FullRiver_Predictions_F044_MeterOnly_D001cAnyVisiblePatch/holdout_CA_D044MeterOnly_D001cAnyVisiblePatch_D001NoDataSafe/CA_KlamathRiver_TopoBathy_2018_D18/tile_predictions_core_final_loss_avg/F044_avg_pred_m_1m_CA_KlamathRiver_TopoBathy_2018_D18_ID2898_core_final_loss.tif,/tank/data/SFS/xinyis/data/bathymetry/MAE-Topography/Downstream_Task_Bathy_relax_HiddenMask/results/FullRiver_Predictions_F044_MeterOnly_D001cAnyVisiblePatch/holdout_CA_D044MeterOnly_D001cAnyVisiblePatch_D001NoDataSafe/CA_KlamathRiver_TopoBathy_2018_D18/tile_overlap_count_core_final_loss/F044_overlap_count_1m_CA_KlamathRiver_TopoBathy_2018_D18_ID2898_core_final_loss.tif,31900,106472,336,336,6189,8448,3072,3072,3117,1,1,1.8125,2
CA,CA_KlamathRiver_TopoBathy_2018_D18,CA_L1344_P002896-002905,2899,1m_CA_KlamathRiver_TopoBathy_2018_D18_ID2899,/tank/data/SFS/xinyis/data/bathymetry/Processed_Results/Tiles_for_MAE_FullRiver_E001c_AnyVisiblePatch/Tiles_1m/FullRiver_tile/E001_FullRiver_tile_1m_CA_KlamathRiver_TopoBathy_2018_D18_ID2899.tif,/tank/data/SFS/xinyis/data/bathymetry/Processed_Results/Tiles_for_MAE_FullRiver_E001c_AnyVisiblePatch/Tiles_1m/Hidden_Mask/E001_tile_1m_CA_KlamathRiver_TopoBathy_2018_D18_ID2899_HiddenMask.tif,/tank/data/SFS/xinyis/data/bathymetry/Processed_Results/Tiles_for_MAE_FullRiver_E001c_AnyVisiblePatch/Tiles_1m/Loss_Mask_Pixel/E001_tile_1m_CA_KlamathRiver_TopoBathy_2018_D18_ID2899_LossMaskPixel.tif,/tank/data/SFS/xinyis/data/bathymetry/Processed_Results/Tiles_for_MAE_FullRiver_E001c_AnyVisiblePatch/Tiles_1m/Core_Loss_Mask_Pixel/E001_tile_1m_CA_KlamathRiver_TopoBathy_2018_D18_ID2899_CoreLossMaskPixel.tif,/tank/data/SFS/xinyis/data/bathymetry/MAE-Topography/Downstream_Task_Bathy_relax_HiddenMask/results/FullRiver_Predictions_F044_MeterOnly_D001cAnyVisiblePatch/holdout_CA_D044MeterOnly_D001cAnyVisiblePatch_D001NoDataSafe/CA_KlamathRiver_TopoBathy_2018_D18/tile_predictions_core_final_loss_avg/F044_avg_pred_m_1m_CA_KlamathRiver_TopoBathy_2018_D18_ID2899_core_final_loss.tif,/tank/data/SFS/xinyis/data/bathymetry/MAE-Topography/Downstream_Task_Bathy_relax_HiddenMask/results/FullRiver_Predictions_F044_MeterOnly_D001cAnyVisiblePatch/holdout_CA_D044MeterOnly_D001cAnyVisiblePatch_D001NoDataSafe/CA_KlamathRiver_TopoBathy_2018_D18/tile_overlap_count_core_final_loss/F044_overlap_count_1m_CA_KlamathRiver_TopoBathy_2018_D18_ID2899_core_final_loss.tif,31835,106472,336,336,6186,9216,3840,3840,2346,1,1,1.8541666666666667,2
CA,CA_KlamathRiver_TopoBathy_2018_D18,CA_L1344_P002896-002905,2900,1m_CA_KlamathRiver_TopoBathy_2018_D18_ID2900,/tank/data/SFS/xinyis/data/bathymetry/Processed_Results/Tiles_for_MAE_FullRiver_E001c_AnyVisiblePatch/Tiles_1m/FullRiver_tile/E001_FullRiver_tile_1m_CA_KlamathRiver_TopoBathy_2018_D18_ID2900.tif,/tank/data/SFS/xinyis/data/bathymetry/Processed_Results/Tiles_for_MAE_FullRiver_E001c_AnyVisiblePatch/Tiles_1m/Hidden_Mask/E001_tile_1m_CA_KlamathRiver_TopoBathy_2018_D18_ID2900_HiddenMask.tif,/tank/data/SFS/xinyis/data/bathymetry/Processed_Results/Tiles_for_MAE_FullRiver_E001c_AnyVisiblePatch/Tiles_1m/Loss_Mask_Pixel/E001_tile_1m_CA_KlamathRiver_TopoBathy_2018_D18_ID2900_LossMaskPixel.tif,/tank/data/SFS/xinyis/data/bathymetry/Processed_Results/Tiles_for_MAE_FullRiver_E001c_AnyVisiblePatch/Tiles_1m/Core_Loss_Mask_Pixel/E001_tile_1m_CA_KlamathRiver_TopoBathy_2018_D18_ID2900_CoreLossMaskPixel.tif,/tank/data/SFS/xinyis/data/bathymetry/MAE-Topography/Downstream_Task_Bathy_relax_HiddenMask/results/FullRiver_Predictions_F044_MeterOnly_D001cAnyVisiblePatch/holdout_CA_D044MeterOnly_D001cAnyVisiblePatch_D001NoDataSafe/CA_KlamathRiver_TopoBathy_2018_D18/tile_predictions_core_final_loss_avg/F044_avg_pred_m_1m_CA_KlamathRiver_TopoBathy_2018_D18_ID2900_core_final_loss.tif,/tank/data/SFS/xinyis/data/bathymetry/MAE-Topography/Downstream_Task_Bathy_relax_HiddenMask/results/FullRiver_Predictions_F044_MeterOnly_D001cAnyVisiblePatch/holdout_CA_D044MeterOnly_D001cAnyVisiblePatch_D001NoDataSafe/CA_KlamathRiver_TopoBathy_2018_D18/tile_overlap_count_core_final_loss/F044_overlap_count_1m_CA_KlamathRiver_TopoBathy_2018_D18_ID2900_core_final_loss.tif,31771,106472,336,336,5486,9216,3584,3584,1902,1,1,1.8351004464285714,2
CA,CA_KlamathRiver_TopoBathy_2018_D18,CA_L1344_P002896-002905,2901,1m_CA_KlamathRiver_TopoBathy_2018_D18_ID2901,/tank/data/SFS/xinyis/data/bathymetry/Processed_Results/Tiles_for_MAE_FullRiver_E001c_AnyVisiblePatch/Tiles_1m/FullRiver_tile/E001_FullRiver_tile_1m_CA_KlamathRiver_TopoBathy_2018_D18_ID2901.tif,/tank/data/SFS/xinyis/data/bathymetry/Processed_Results/Tiles_for_MAE_FullRiver_E001c_AnyVisiblePatch/Tiles_1m/Hidden_Mask/E001_tile_1m_CA_KlamathRiver_TopoBathy_2018_D18_ID2901_HiddenMask.tif,/tank/data/SFS/xinyis/data/bathymetry/Processed_Results/Tiles_for_MAE_FullRiver_E001c_AnyVisiblePatch/Tiles_1m/Loss_Mask_Pixel/E001_tile_1m_CA_KlamathRiver_TopoBathy_2018_D18_ID2901_LossMaskPixel.tif,/tank/data/SFS/xinyis/data/bathymetry/Processed_Results/Tiles_for_MAE_FullRiver_E001c_AnyVisiblePatch/Tiles_1m/Core_Loss_Mask_Pixel/E001_tile_1m_CA_KlamathRiver_TopoBathy_2018_D18_ID2901_CoreLossMaskPixel.tif,/tank/data/SFS/xinyis/data/bathymetry/MAE-Topography/Downstream_Task_Bathy_relax_HiddenMask/results/FullRiver_Predictions_F044_MeterOnly_D001cAnyVisiblePatch/holdout_CA_D044MeterOnly_D001cAnyVisiblePatch_D001NoDataSafe/CA_KlamathRiver_TopoBathy_2018_D18/tile_predictions_core_final_loss_avg/F044_avg_pred_m_1m_CA_KlamathRiver_TopoBathy_2018_D18_ID2901_core_final_loss.tif,/tank/data/SFS/xinyis/data/bathymetry/MAE-Topography/Downstream_Task_Bathy_relax_HiddenMask/results/FullRiver_Predictions_F044_MeterOnly_D001cAnyVisiblePatch/holdout_CA_D044MeterOnly_D001cAnyVisiblePatch_D001NoDataSafe/CA_KlamathRiver_TopoBathy_2018_D18/tile_overlap_count_core_final_loss/F044_overlap_count_1m_CA_KlamathRiver_TopoBathy_2018_D18_ID2901_core_final_loss.tif,31706,106471,336,336,4645,10496,2816,2816,1829,1,1,1.7844460227272727,2
CA,CA_KlamathRiver_TopoBathy_2018_D18,CA_L1344_P002896-002905,2902,1m_CA_KlamathRiver_TopoBathy_2018_D18_ID2902,/tank/data/SFS/xinyis/data/bathymetry/Processed_Results/Tiles_for_MAE_FullRiver_E001c_AnyVisiblePatch/Tiles_1m/FullRiver_tile/E001_FullRiver_tile_1m_CA_KlamathRiver_TopoBathy_2018_D18_ID2902.tif,/tank/data/SFS/xinyis/data/bathymetry/Processed_Results/Tiles_for_MAE_FullRiver_E001c_AnyVisiblePatch/Tiles_1m/Hidden_Mask/E001_tile_1m_CA_KlamathRiver_TopoBathy_2018_D18_ID2902_HiddenMask.tif,/tank/data/SFS/xinyis/data/bathymetry/Processed_Results/Tiles_for_MAE_FullRiver_E001c_AnyVisiblePatch/Tiles_1m/Loss_Mask_Pixel/E001_tile_1m_CA_KlamathRiver_TopoBathy_2018_D18_ID2902_LossMaskPixel.tif,/tank/data/SFS/xinyis/data/bathymetry/Processed_Results/Tiles_for_MAE_FullRiver_E001c_AnyVisiblePatch/Tiles_1m/Core_Loss_Mask_Pixel/E001_tile_1m_CA_KlamathRiver_TopoBathy_2018_D18_ID2902_CoreLossMaskPixel.tif,/tank/data/SFS/xinyis/data/bathymetry/MAE-Topography/Downstream_Task_Bathy_relax_HiddenMask/results/FullRiver_Predictions_F044_MeterOnly_D001cAnyVisiblePatch/holdout_CA_D044MeterOnly_D001cAnyVisiblePatch_D001NoDataSafe/CA_KlamathRiver_TopoBathy_2018_D18/tile_predictions_core_final_loss_avg/F044_avg_pred_m_1m_CA_KlamathRiver_TopoBathy_2018_D18_ID2902_core_final_loss.tif,/tank/data/SFS/xinyis/data/bathymetry/MAE-Topography/Downstream_Task_Bathy_relax_HiddenMask/results/FullRiver_Predictions_F044_MeterOnly_D001cAnyVisiblePatch/holdout_CA_D044MeterOnly_D001cAnyVisiblePatch_D001NoDataSafe/CA_KlamathRiver_TopoBathy_2018_D18/tile_overlap_count_core_final_loss/F044_overlap_count_1m_CA_KlamathRiver_TopoBathy_2018_D18_ID2902_core_final_loss.tif,31641,106478,336,336,4805,11776,3584,3584,1221,1,1,1.6163504464285714,2
CA,CA_KlamathRiver_TopoBathy_2018_D18,CA_L1344_P002896-002905,2903,1m_CA_KlamathRiver_TopoBathy_2018_D18_ID2903,/tank/data/SFS/xinyis/data/bathymetry/Processed_Results/Tiles_for_MAE_FullRiver_E001c_AnyVisiblePatch/Tiles_1m/FullRiver_tile/E001_FullRiver_tile_1m_CA_KlamathRiver_TopoBathy_2018_D18_ID2903.tif,/tank/data/SFS/xinyis/data/bathymetry/Processed_Results/Tiles_for_MAE_FullRiver_E001c_AnyVisiblePatch/Tiles_1m/Hidden_Mask/E001_tile_1m_CA_KlamathRiver_TopoBathy_2018_D18_ID2903_HiddenMask.tif,/tank/data/SFS/xinyis/data/bathymetry/Processed_Results/Tiles_for_MAE_FullRiver_E001c_AnyVisiblePatch/Tiles_1m/Loss_Mask_Pixel/E001_tile_1m_CA_KlamathRiver_TopoBathy_2018_D18_ID2903_LossMaskPixel.tif,/tank/data/SFS/xinyis/data/bathymetry/Processed_Results/Tiles_for_MAE_FullRiver_E001c_AnyVisiblePatch/Tiles_1m/Core_Loss_Mask_Pixel/E001_tile_1m_CA_KlamathRiver_TopoBathy_2018_D18_ID2903_CoreLossMaskPixel.tif,/tank/data/SFS/xinyis/data/bathymetry/MAE-Topography/Downstream_Task_Bathy_relax_HiddenMask/results/FullRiver_Predictions_F044_MeterOnly_D001cAnyVisiblePatch/holdout_CA_D044MeterOnly_D001cAnyVisiblePatch_D001NoDataSafe/CA_KlamathRiver_TopoBathy_2018_D18/tile_predictions_core_final_loss_avg/F044_avg_pred_m_1m_CA_KlamathRiver_TopoBathy_2018_D18_ID2903_core_final_loss.tif,/tank/data/SFS/xinyis/data/bathymetry/MAE-Topography/Downstream_Task_Bathy_relax_HiddenMask/results/FullRiver_Predictions_F044_MeterOnly_D001cAnyVisiblePatch/holdout_CA_D044MeterOnly_D001cAnyVisiblePatch_D001NoDataSafe/CA_KlamathRiver_TopoBathy_2018_D18/tile_overlap_count_core_final_loss/F044_overlap_count_1m_CA_KlamathRiver_TopoBathy_2018_D18_ID2903_core_final_loss.tif,31576,106477,336,336,6204,12288,4352,4352,1852,1,1,1.9014246323529411,3
CA,CA_KlamathRiver_TopoBathy_2018_D18,CA_L1344_P002896-002905,2904,1m_CA_KlamathRiver_TopoBathy_2018_D18_ID2904,/tank/data/SFS/xinyis/data/bathymetry/Processed_Results/Tiles_for_MAE_FullRiver_E001c_AnyVisiblePatch/Tiles_1m/FullRiver_tile/E001_FullRiver_tile_1m_CA_KlamathRiver_TopoBathy_2018_D18_ID2904.tif,/tank/data/SFS/xinyis/data/bathymetry/Processed_Results/Tiles_for_MAE_FullRiver_E001c_AnyVisiblePatch/Tiles_1m/Hidden_Mask/E001_tile_1m_CA_KlamathRiver_TopoBathy_2018_D18_ID2904_HiddenMask.tif,/tank/data/SFS/xinyis/data/bathymetry/Processed_Results/Tiles_for_MAE_FullRiver_E001c_AnyVisiblePatch/Tiles_1m/Loss_Mask_Pixel/E001_tile_1m_CA_KlamathRiver_TopoBathy_2018_D18_ID2904_LossMaskPixel.tif,/tank/data/SFS/xinyis/data/bathymetry/Processed_Results/Tiles_for_MAE_FullRiver_E001c_AnyVisiblePatch/Tiles_1m/Core_Loss_Mask_Pixel/E001_tile_1m_CA_KlamathRiver_TopoBathy_2018_D18_ID2904_CoreLossMaskPixel.tif,/tank/data/SFS/xinyis/data/bathymetry/MAE-Topography/Downstream_Task_Bathy_relax_HiddenMask/results/FullRiver_Predictions_F044_MeterOnly_D001cAnyVisiblePatch/holdout_CA_D044MeterOnly_D001cAnyVisiblePatch_D001NoDataSafe/CA_KlamathRiver_TopoBathy_2018_D18/tile_predictions_core_final_loss_avg/F044_avg_pred_m_1m_CA_KlamathRiver_TopoBathy_2018_D18_ID2904_core_final_loss.tif,/tank/data/SFS/xinyis/data/bathymetry/MAE-Topography/Downstream_Task_Bathy_relax_HiddenMask/results/FullRiver_Predictions_F044_MeterOnly_D001cAnyVisiblePatch/holdout_CA_D044MeterOnly_D001cAnyVisiblePatch_D001NoDataSafe/CA_KlamathRiver_TopoBathy_2018_D18/tile_overlap_count_core_final_loss/F044_overlap_count_1m_CA_KlamathRiver_TopoBathy_2018_D18_ID2904_core_final_loss.tif,31521,106491,336,336,6853,10240,4096,4096,2757,1,1,2.05810546875,3
CA,CA_KlamathRiver_TopoBathy_2018_D18,CA_L1344_P002896-002905,2905,1m_CA_KlamathRiver_TopoBathy_2018_D18_ID2905,/tank/data/SFS/xinyis/data/bathymetry/Processed_Results/Tiles_for_MAE_FullRiver_E001c_AnyVisiblePatch/Tiles_1m/FullRiver_tile/E001_FullRiver_tile_1m_CA_KlamathRiver_TopoBathy_2018_D18_ID2905.tif,/tank/data/SFS/xinyis/data/bathymetry/Processed_Results/Tiles_for_MAE_FullRiver_E001c_AnyVisiblePatch/Tiles_1m/Hidden_Mask/E001_tile_1m_CA_KlamathRiver_TopoBathy_2018_D18_ID2905_HiddenMask.tif,/tank/data/SFS/xinyis/data/bathymetry/Processed_Results/Tiles_for_MAE_FullRiver_E001c_AnyVisiblePatch/Tiles_1m/Loss_Mask_Pixel/E001_tile_1m_CA_KlamathRiver_TopoBathy_2018_D18_ID2905_LossMaskPixel.tif,/tank/data/SFS/xinyis/data/bathymetry/Processed_Results/Tiles_for_MAE_FullRiver_E001c_AnyVisiblePatch/Tiles_1m/Core_Loss_Mask_Pixel/E001_tile_1m_CA_KlamathRiver_TopoBathy_2018_D18_ID2905_CoreLossMaskPixel.tif,/tank/data/SFS/xinyis/data/bathymetry/MAE-Topography/Downstream_Task_Bathy_relax_HiddenMask/results/FullRiver_Predictions_F044_MeterOnly_D001cAnyVisiblePatch/holdout_CA_D044MeterOnly_D001cAnyVisiblePatch_D001NoDataSafe/CA_KlamathRiver_TopoBathy_2018_D18/tile_predictions_core_final_loss_avg/F044_avg_pred_m_1m_CA_KlamathRiver_TopoBathy_2018_D18_ID2905_core_final_loss.tif,/tank/data/SFS/xinyis/data/bathymetry/MAE-Topography/Downstream_Task_Bathy_relax_HiddenMask/results/FullRiver_Predictions_F044_MeterOnly_D001cAnyVisiblePatch/holdout_CA_D044MeterOnly_D001cAnyVisiblePatch_D001NoDataSafe/CA_KlamathRiver_TopoBathy_2018_D18/tile_overlap_count_core_final_loss/F044_overlap_count_1m_CA_KlamathRiver_TopoBathy_2018_D18_ID2905_core_final_loss.tif,31474,106525,336,336,6493,10240,3584,3584,2909,1,1,2.1255580357142856,3
CO,CO_UpperColorado_Topobathy_1_2020,CO_L2603_P001335-001344,1335,1m_CO_UpperColorado_Topobathy_1_2020_ID1335,/tank/data/SFS/xinyis/data/bathymetry/Processed_Results/Tiles_for_MAE_FullRiver_E001c_AnyVisiblePatch/Tiles_1m/FullRiver_tile/E001_FullRiver_tile_1m_CO_UpperColorado_Topobathy_1_2020_ID1335.tif,/tank/data/SFS/xinyis/data/bathymetry/Processed_Results/Tiles_for_MAE_FullRiver_E001c_AnyVisiblePatch/Tiles_1m/Hidden_Mask/E001_tile_1m_CO_UpperColorado_Topobathy_1_2020_ID1335_HiddenMask.tif,/tank/data/SFS/xinyis/data/bathymetry/Processed_Results/Tiles_for_MAE_FullRiver_E001c_AnyVisiblePatch/Tiles_1m/Loss_Mask_Pixel/E001_tile_1m_CO_UpperColorado_Topobathy_1_2020_ID1335_LossMaskPixel.tif,/tank/data/SFS/xinyis/data/bathymetry/Processed_Results/Tiles_for_MAE_FullRiver_E001c_AnyVisiblePatch/Tiles_1m/Core_Loss_Mask_Pixel/E001_tile_1m_CO_UpperColorado_Topobathy_1_2020_ID1335_CoreLossMaskPixel.tif,/tank/data/SFS/xinyis/data/bathymetry/MAE-Topography/Downstream_Task_Bathy_relax_HiddenMask/results/FullRiver_Predictions_F044_MeterOnly_D001cAnyVisiblePatch/holdout_CO_D044MeterOnly_D001cAnyVisiblePatch_D001NoDataSafe/CO_UpperColorado_Topobathy_1_2020/tile_predictions_core_final_loss_avg/F044_avg_pred_m_1m_CO_UpperColorado_Topobathy_1_2020_ID1335_core_final_loss.tif,/tank/data/SFS/xinyis/data/bathymetry/MAE-Topography/Downstream_Task_Bathy_relax_HiddenMask/results/FullRiver_Predictions_F044_MeterOnly_D001cAnyVisiblePatch/holdout_CO_D044MeterOnly_D001cAnyVisiblePatch_D001NoDataSafe/CO_UpperColorado_Topobathy_1_2020/tile_overlap_count_core_final_loss/F044_overlap_count_1m_CO_UpperColorado_Topobathy_1_2020_ID1335_core_final_loss.tif,17455,134343,336,336,4970,19968,4045,4045,925,1,1,1.7095179233621756,2
CO,CO_UpperColorado_Topobathy_1_2020,CO_L2603_P001335-001344,1336,1m_CO_UpperColorado_Topobathy_1_2020_ID1336,/tank/data/SFS/xinyis/data/bathymetry/Processed_Results/Tiles_for_MAE_FullRiver_E001c_AnyVisiblePatch/Tiles_1m/FullRiver_tile/E001_FullRiver_tile_1m_CO_UpperColorado_Topobathy_1_2020_ID1336.tif,/tank/data/SFS/xinyis/data/bathymetry/Processed_Results/Tiles_for_MAE_FullRiver_E001c_AnyVisiblePatch/Tiles_1m/Hidden_Mask/E001_tile_1m_CO_UpperColorado_Topobathy_1_2020_ID1336_HiddenMask.tif,/tank/data/SFS/xinyis/data/bathymetry/Processed_Results/Tiles_for_MAE_FullRiver_E001c_AnyVisiblePatch/Tiles_1m/Loss_Mask_Pixel/E001_tile_1m_CO_UpperColorado_Topobathy_1_2020_ID1336_LossMaskPixel.tif,/tank/data/SFS/xinyis/data/bathymetry/Processed_Results/Tiles_for_MAE_FullRiver_E001c_AnyVisiblePatch/Tiles_1m/Core_Loss_Mask_Pixel/E001_tile_1m_CO_UpperColorado_Topobathy_1_2020_ID1336_CoreLossMaskPixel.tif,/tank/data/SFS/xinyis/data/bathymetry/MAE-Topography/Downstream_Task_Bathy_relax_HiddenMask/results/FullRiver_Predictions_F044_MeterOnly_D001cAnyVisiblePatch/holdout_CO_D044MeterOnly_D001cAnyVisiblePatch_D001NoDataSafe/CO_UpperColorado_Topobathy_1_2020/tile_predictions_core_final_loss_avg/F044_avg_pred_m_1m_CO_UpperColorado_Topobathy_1_2020_ID1336_core_final_loss.tif,/tank/data/SFS/xinyis/data/bathymetry/MAE-Topography/Downstream_Task_Bathy_relax_HiddenMask/results/FullRiver_Predictions_F044_MeterOnly_D001cAnyVisiblePatch/holdout_CO_D044MeterOnly_D001cAnyVisiblePatch_D001NoDataSafe/CO_UpperColorado_Topobathy_1_2020/tile_overlap_count_core_final_loss/F044_overlap_count_1m_CO_UpperColorado_Topobathy_1_2020_ID1336_core_final_loss.tif,17493,134399,336,336,7585,18432,5708,5708,1877,1,1,1.863875262789068,2
CO,CO_UpperColorado_Topobathy_1_2020,CO_L2603_P001335-001344,1337,1m_CO_UpperColorado_Topobathy_1_2020_ID1337,/tank/data/SFS/xinyis/data/bathymetry/Processed_Results/Tiles_for_MAE_FullRiver_E001c_AnyVisiblePatch/Tiles_1m/FullRiver_tile/E001_FullRiver_tile_1m_CO_UpperColorado_Topobathy_1_2020_ID1337.tif,/tank/data/SFS/xinyis/data/bathymetry/Processed_Results/Tiles_for_MAE_FullRiver_E001c_AnyVisiblePatch/Tiles_1m/Hidden_Mask/E001_tile_1m_CO_UpperColorado_Topobathy_1_2020_ID1337_HiddenMask.tif,/tank/data/SFS/xinyis/data/bathymetry/Processed_Results/Tiles_for_MAE_FullRiver_E001c_AnyVisiblePatch/Tiles_1m/Loss_Mask_Pixel/E001_tile_1m_CO_UpperColorado_Topobathy_1_2020_ID1337_LossMaskPixel.tif,/tank/data/SFS/xinyis/data/bathymetry/Processed_Results/Tiles_for_MAE_FullRiver_E001c_AnyVisiblePatch/Tiles_1m/Core_Loss_Mask_Pixel/E001_tile_1m_CO_UpperColorado_Topobathy_1_2020_ID1337_CoreLossMaskPixel.tif,/tank/data/SFS/xinyis/data/bathymetry/MAE-Topography/Downstream_Task_Bathy_relax_HiddenMask/results/FullRiver_Predictions_F044_MeterOnly_D001cAnyVisiblePatch/holdout_CO_D044MeterOnly_D001cAnyVisiblePatch_D001NoDataSafe/CO_UpperColorado_Topobathy_1_2020/tile_predictions_core_final_loss_avg/F044_avg_pred_m_1m_CO_UpperColorado_Topobathy_1_2020_ID1337_core_final_loss.tif,/tank/data/SFS/xinyis/data/bathymetry/MAE-Topography/Downstream_Task_Bathy_relax_HiddenMask/results/FullRiver_Predictions_F044_MeterOnly_D001cAnyVisiblePatch/holdout_CO_D044MeterOnly_D001cAnyVisiblePatch_D001NoDataSafe/CO_UpperColorado_Topobathy_1_2020/tile_overlap_count_core_final_loss/F044_overlap_count_1m_CO_UpperColorado_Topobathy_1_2020_ID1337_core_final_loss.tif,17494,134456,336,336,6908,17664,5105,5105,1803,1,1,1.9008814887365328,3
CO,CO_UpperColorado_Topobathy_1_2020,CO_L2603_P001335-001344,1338,1m_CO_UpperColorado_Topobathy_1_2020_ID1338,/tank/data/SFS/xinyis/data/bathymetry/Processed_Results/Tiles_for_MAE_FullRiver_E001c_AnyVisiblePatch/Tiles_1m/FullRiver_tile/E001_FullRiver_tile_1m_CO_UpperColorado_Topobathy_1_2020_ID1338.tif,/tank/data/SFS/xinyis/data/bathymetry/Processed_Results/Tiles_for_MAE_FullRiver_E001c_AnyVisiblePatch/Tiles_1m/Hidden_Mask/E001_tile_1m_CO_UpperColorado_Topobathy_1_2020_ID1338_HiddenMask.tif,/tank/data/SFS/xinyis/data/bathymetry/Processed_Results/Tiles_for_MAE_FullRiver_E001c_AnyVisiblePatch/Tiles_1m/Loss_Mask_Pixel/E001_tile_1m_CO_UpperColorado_Topobathy_1_2020_ID1338_LossMaskPixel.tif,/tank/data/SFS/xinyis/data/bathymetry/Processed_Results/Tiles_for_MAE_FullRiver_E001c_AnyVisiblePatch/Tiles_1m/Core_Loss_Mask_Pixel/E001_tile_1m_CO_UpperColorado_Topobathy_1_2020_ID1338_CoreLossMaskPixel.tif,/tank/data/SFS/xinyis/data/bathymetry/MAE-Topography/Downstream_Task_Bathy_relax_HiddenMask/results/FullRiver_Predictions_F044_MeterOnly_D001cAnyVisiblePatch/holdout_CO_D044MeterOnly_D001cAnyVisiblePatch_D001NoDataSafe/CO_UpperColorado_Topobathy_1_2020/tile_predictions_core_final_loss_avg/F044_avg_pred_m_1m_CO_UpperColorado_Topobathy_1_2020_ID1338_core_final_loss.tif,/tank/data/SFS/xinyis/data/bathymetry/MAE-Topography/Downstream_Task_Bathy_relax_HiddenMask/results/FullRiver_Predictions_F044_MeterOnly_D001cAnyVisiblePatch/holdout_CO_D044MeterOnly_D001cAnyVisiblePatch_D001NoDataSafe/CO_UpperColorado_Topobathy_1_2020/tile_overlap_count_core_final_loss/F044_overlap_count_1m_CO_UpperColorado_Topobathy_1_2020_ID1338_core_final_loss.tif,17513,134512,336,336,4590,14336,2658,2658,1932,1,1,2.038374717832957,3
CO,CO_UpperColorado_Topobathy_1_2020,CO_L2603_P001335-001344,1339,1m_CO_UpperColorado_Topobathy_1_2020_ID1339,/tank/data/SFS/xinyis/data/bathymetry/Processed_Results/Tiles_for_MAE_FullRiver_E001c_AnyVisiblePatch/Tiles_1m/FullRiver_tile/E001_FullRiver_tile_1m_CO_UpperColorado_Topobathy_1_2020_ID1339.tif,/tank/data/SFS/xinyis/data/bathymetry/Processed_Results/Tiles_for_MAE_FullRiver_E001c_AnyVisiblePatch/Tiles_1m/Hidden_Mask/E001_tile_1m_CO_UpperColorado_Topobathy_1_2020_ID1339_HiddenMask.tif,/tank/data/SFS/xinyis/data/bathymetry/Processed_Results/Tiles_for_MAE_FullRiver_E001c_AnyVisiblePatch/Tiles_1m/Loss_Mask_Pixel/E001_tile_1m_CO_UpperColorado_Topobathy_1_2020_ID1339_LossMaskPixel.tif,/tank/data/SFS/xinyis/data/bathymetry/Processed_Results/Tiles_for_MAE_FullRiver_E001c_AnyVisiblePatch/Tiles_1m/Core_Loss_Mask_Pixel/E001_tile_1m_CO_UpperColorado_Topobathy_1_2020_ID1339_CoreLossMaskPixel.tif,/tank/data/SFS/xinyis/data/bathymetry/MAE-Topography/Downstream_Task_Bathy_relax_HiddenMask/results/FullRiver_Predictions_F044_MeterOnly_D001cAnyVisiblePatch/holdout_CO_D044MeterOnly_D001cAnyVisiblePatch_D001NoDataSafe/CO_UpperColorado_Topobathy_1_2020/tile_predictions_core_final_loss_avg/F044_avg_pred_m_1m_CO_UpperColorado_Topobathy_1_2020_ID1339_core_final_loss.tif,/tank/data/SFS/xinyis/data/bathymetry/MAE-Topography/Downstream_Task_Bathy_relax_HiddenMask/results/FullRiver_Predictions_F044_MeterOnly_D001cAnyVisiblePatch/holdout_CO_D044MeterOnly_D001cAnyVisiblePatch_D001NoDataSafe/CO_UpperColorado_Topobathy_1_2020/tile_overlap_count_core_final_loss/F044_overlap_count_1m_CO_UpperColorado_Topobathy_1_2020_ID1339_core_final_loss.tif,17551,134555,336,336,3624,14848,2295,2295,1329,1,1,1.9263616557734204,3
CO,CO_UpperColorado_Topobathy_1_2020,CO_L2603_P001335-001344,1340,1m_CO_UpperColorado_Topobathy_1_2020_ID1340,/tank/data/SFS/xinyis/data/bathymetry/Processed_Results/Tiles_for_MAE_FullRiver_E001c_AnyVisiblePatch/Tiles_1m/FullRiver_tile/E001_FullRiver_tile_1m_CO_UpperColorado_Topobathy_1_2020_ID1340.tif,/tank/data/SFS/xinyis/data/bathymetry/Processed_Results/Tiles_for_MAE_FullRiver_E001c_AnyVisiblePatch/Tiles_1m/Hidden_Mask/E001_tile_1m_CO_UpperColorado_Topobathy_1_2020_ID1340_HiddenMask.tif,/tank/data/SFS/xinyis/data/bathymetry/Processed_Results/Tiles_for_MAE_FullRiver_E001c_AnyVisiblePatch/Tiles_1m/Loss_Mask_Pixel/E001_tile_1m_CO_UpperColorado_Topobathy_1_2020_ID1340_LossMaskPixel.tif,/tank/data/SFS/xinyis/data/bathymetry/Processed_Results/Tiles_for_MAE_FullRiver_E001c_AnyVisiblePatch/Tiles_1m/Core_Loss_Mask_Pixel/E001_tile_1m_CO_UpperColorado_Topobathy_1_2020_ID1340_CoreLossMaskPixel.tif,/tank/data/SFS/xinyis/data/bathymetry/MAE-Topography/Downstream_Task_Bathy_relax_HiddenMask/results/FullRiver_Predictions_F044_MeterOnly_D001cAnyVisiblePatch/holdout_CO_D044MeterOnly_D001cAnyVisiblePatch_D001NoDataSafe/CO_UpperColorado_Topobathy_1_2020/tile_predictions_core_final_loss_avg/F044_avg_pred_m_1m_CO_UpperColorado_Topobathy_1_2020_ID1340_core_final_loss.tif,/tank/data/SFS/xinyis/data/bathymetry/MAE-Topography/Downstream_Task_Bathy_relax_HiddenMask/results/FullRiver_Predictions_F044_MeterOnly_D001cAnyVisiblePatch/holdout_CO_D044MeterOnly_D001cAnyVisiblePatch_D001NoDataSafe/CO_UpperColorado_Topobathy_1_2020/tile_overlap_count_core_final_loss/F044_overlap_count_1m_CO_UpperColorado_Topobathy_1_2020_ID1340_core_final_loss.tif,17570,134611,336,336,2774,13312,1547,1547,1227,1,1,1.9276018099547512,3
CO,CO_UpperColorado_Topobathy_1_2020,CO_L2603_P001335-001344,1341,1m_CO_UpperColorado_Topobathy_1_2020_ID1341,/tank/data/SFS/xinyis/data/bathymetry/Processed_Results/Tiles_for_MAE_FullRiver_E001c_AnyVisiblePatch/Tiles_1m/FullRiver_tile/E001_FullRiver_tile_1m_CO_UpperColorado_Topobathy_1_2020_ID1341.tif,/tank/data/SFS/xinyis/data/bathymetry/Processed_Results/Tiles_for_MAE_FullRiver_E001c_AnyVisiblePatch/Tiles_1m/Hidden_Mask/E001_tile_1m_CO_UpperColorado_Topobathy_1_2020_ID1341_HiddenMask.tif,/tank/data/SFS/xinyis/data/bathymetry/Processed_Results/Tiles_for_MAE_FullRiver_E001c_AnyVisiblePatch/Tiles_1m/Loss_Mask_Pixel/E001_tile_1m_CO_UpperColorado_Topobathy_1_2020_ID1341_LossMaskPixel.tif,/tank/data/SFS/xinyis/data/bathymetry/Processed_Results/Tiles_for_MAE_FullRiver_E001c_AnyVisiblePatch/Tiles_1m/Core_Loss_Mask_Pixel/E001_tile_1m_CO_UpperColorado_Topobathy_1_2020_ID1341_CoreLossMaskPixel.tif,/tank/data/SFS/xinyis/data/bathymetry/MAE-Topography/Downstream_Task_Bathy_relax_HiddenMask/results/FullRiver_Predictions_F044_MeterOnly_D001cAnyVisiblePatch/holdout_CO_D044MeterOnly_D001cAnyVisiblePatch_D001NoDataSafe/CO_UpperColorado_Topobathy_1_2020/tile_predictions_core_final_loss_avg/F044_avg_pred_m_1m_CO_UpperColorado_Topobathy_1_2020_ID1341_core_final_loss.tif,/tank/data/SFS/xinyis/data/bathymetry/MAE-Topography/Downstream_Task_Bathy_relax_HiddenMask/results/FullRiver_Predictions_F044_MeterOnly_D001cAnyVisiblePatch/holdout_CO_D044MeterOnly_D001cAnyVisiblePatch_D001NoDataSafe/CO_UpperColorado_Topobathy_1_2020/tile_overlap_count_core_final_loss/F044_overlap_count_1m_CO_UpperColorado_Topobathy_1_2020_ID1341_core_final_loss.tif,17552,134668,336,336,2933,12544,1775,1775,1158,1,1,1.91943661971831,2
CO,CO_UpperColorado_Topobathy_1_2020,CO_L2603_P001335-001344,1342,1m_CO_UpperColorado_Topobathy_1_2020_ID1342,/tank/data/SFS/xinyis/data/bathymetry/Processed_Results/Tiles_for_MAE_FullRiver_E001c_AnyVisiblePatch/Tiles_1m/FullRiver_tile/E001_FullRiver_tile_1m_CO_UpperColorado_Topobathy_1_2020_ID1342.tif,/tank/data/SFS/xinyis/data/bathymetry/Processed_Results/Tiles_for_MAE_FullRiver_E001c_AnyVisiblePatch/Tiles_1m/Hidden_Mask/E001_tile_1m_CO_UpperColorado_Topobathy_1_2020_ID1342_HiddenMask.tif,/tank/data/SFS/xinyis/data/bathymetry/Processed_Results/Tiles_for_MAE_FullRiver_E001c_AnyVisiblePatch/Tiles_1m/Loss_Mask_Pixel/E001_tile_1m_CO_UpperColorado_Topobathy_1_2020_ID1342_LossMaskPixel.tif,/tank/data/SFS/xinyis/data/bathymetry/Processed_Results/Tiles_for_MAE_FullRiver_E001c_AnyVisiblePatch/Tiles_1m/Core_Loss_Mask_Pixel/E001_tile_1m_CO_UpperColorado_Topobathy_1_2020_ID1342_CoreLossMaskPixel.tif,/tank/data/SFS/xinyis/data/bathymetry/MAE-Topography/Downstream_Task_Bathy_relax_HiddenMask/results/FullRiver_Predictions_F044_MeterOnly_D001cAnyVisiblePatch/holdout_CO_D044MeterOnly_D001cAnyVisiblePatch_D001NoDataSafe/CO_UpperColorado_Topobathy_1_2020/tile_predictions_core_final_loss_avg/F044_avg_pred_m_1m_CO_UpperColorado_Topobathy_1_2020_ID1342_core_final_loss.tif,/tank/data/SFS/xinyis/data/bathymetry/MAE-Topography/Downstream_Task_Bathy_relax_HiddenMask/results/FullRiver_Predictions_F044_MeterOnly_D001cAnyVisiblePatch/holdout_CO_D044MeterOnly_D001cAnyVisiblePatch_D001NoDataSafe/CO_UpperColorado_Topobathy_1_2020/tile_overlap_count_core_final_loss/F044_overlap_count_1m_CO_UpperColorado_Topobathy_1_2020_ID1342_core_final_loss.tif,17535,134725,336,336,4476,12032,2987,2987,1489,1,1,1.8309340475393372,2
CO,CO_UpperColorado_Topobathy_1_2020,CO_L2603_P001335-001344,1343,1m_CO_UpperColorado_Topobathy_1_2020_ID1343,/tank/data/SFS/xinyis/data/bathymetry/Processed_Results/Tiles_for_MAE_FullRiver_E001c_AnyVisiblePatch/Tiles_1m/FullRiver_tile/E001_FullRiver_tile_1m_CO_UpperColorado_Topobathy_1_2020_ID1343.tif,/tank/data/SFS/xinyis/data/bathymetry/Processed_Results/Tiles_for_MAE_FullRiver_E001c_AnyVisiblePatch/Tiles_1m/Hidden_Mask/E001_tile_1m_CO_UpperColorado_Topobathy_1_2020_ID1343_HiddenMask.tif,/tank/data/SFS/xinyis/data/bathymetry/Processed_Results/Tiles_for_MAE_FullRiver_E001c_AnyVisiblePatch/Tiles_1m/Loss_Mask_Pixel/E001_tile_1m_CO_UpperColorado_Topobathy_1_2020_ID1343_LossMaskPixel.tif,/tank/data/SFS/xinyis/data/bathymetry/Processed_Results/Tiles_for_MAE_FullRiver_E001c_AnyVisiblePatch/Tiles_1m/Core_Loss_Mask_Pixel/E001_tile_1m_CO_UpperColorado_Topobathy_1_2020_ID1343_CoreLossMaskPixel.tif,/tank/data/SFS/xinyis/data/bathymetry/MAE-Topography/Downstream_Task_Bathy_relax_HiddenMask/results/FullRiver_Predictions_F044_MeterOnly_D001cAnyVisiblePatch/holdout_CO_D044MeterOnly_D001cAnyVisiblePatch_D001NoDataSafe/CO_UpperColorado_Topobathy_1_2020/tile_predictions_core_final_loss_avg/F044_avg_pred_m_1m_CO_UpperColorado_Topobathy_1_2020_ID1343_core_final_loss.tif,/tank/data/SFS/xinyis/data/bathymetry/MAE-Topography/Downstream_Task_Bathy_relax_HiddenMask/results/FullRiver_Predictions_F044_MeterOnly_D001cAnyVisiblePatch/holdout_CO_D044MeterOnly_D001cAnyVisiblePatch_D001NoDataSafe/CO_UpperColorado_Topobathy_1_2020/tile_overlap_count_core_final_loss/F044_overlap_count_1m_CO_UpperColorado_Topobathy_1_2020_ID1343_core_final_loss.tif,17517,134783,336,336,5218,12032,3100,3100,2118,1,1,1.5167741935483872,2
CO,CO_UpperColorado_Topobathy_1_2020,CO_L2603_P001335-001344,1344,1m_CO_UpperColorado_Topobathy_1_2020_ID1344,/tank/data/SFS/xinyis/data/bathymetry/Processed_Results/Tiles_for_MAE_FullRiver_E001c_AnyVisiblePatch/Tiles_1m/FullRiver_tile/E001_FullRiver_tile_1m_CO_UpperColorado_Topobathy_1_2020_ID1344.tif,/tank/data/SFS/xinyis/data/bathymetry/Processed_Results/Tiles_for_MAE_FullRiver_E001c_AnyVisiblePatch/Tiles_1m/Hidden_Mask/E001_tile_1m_CO_UpperColorado_Topobathy_1_2020_ID1344_HiddenMask.tif,/tank/data/SFS/xinyis/data/bathymetry/Processed_Results/Tiles_for_MAE_FullRiver_E001c_AnyVisiblePatch/Tiles_1m/Loss_Mask_Pixel/E001_tile_1m_CO_UpperColorado_Topobathy_1_2020_ID1344_LossMaskPixel.tif,/tank/data/SFS/xinyis/data/bathymetry/Processed_Results/Tiles_for_MAE_FullRiver_E001c_AnyVisiblePatch/Tiles_1m/Core_Loss_Mask_Pixel/E001_tile_1m_CO_UpperColorado_Topobathy_1_2020_ID1344_CoreLossMaskPixel.tif,/tank/data/SFS/xinyis/data/bathymetry/MAE-Topography/Downstream_Task_Bathy_relax_HiddenMask/results/FullRiver_Predictions_F044_MeterOnly_D001cAnyVisiblePatch/holdout_CO_D044MeterOnly_D001cAnyVisiblePatch_D001NoDataSafe/CO_UpperColorado_Topobathy_1_2020/tile_predictions_core_final_loss_avg/F044_avg_pred_m_1m_CO_UpperColorado_Topobathy_1_2020_ID1344_core_final_loss.tif,/tank/data/SFS/xinyis/data/bathymetry/MAE-Topography/Downstream_Task_Bathy_relax_HiddenMask/results/FullRiver_Predictions_F044_MeterOnly_D001cAnyVisiblePatch/holdout_CO_D044MeterOnly_D001cAnyVisiblePatch_D001NoDataSafe/CO_UpperColorado_Topobathy_1_2020/tile_overlap_count_core_final_loss/F044_overlap_count_1m_CO_UpperColorado_Topobathy_1_2020_ID1344_core_final_loss.tif,17519,134911,336,336,3417,13312,1967,1967,1450,1,1,1.3268937468225726,2
Santiam,OR_SantiamRiverTB_Topobathy_1_D23,Santiam_L253_P000815-000824,815,1m_OR_SantiamRiverTB_Topobathy_1_D23_ID815,/tank/data/SFS/xinyis/data/bathymetry/Processed_Results/Tiles_for_MAE_FullRiver_E001c_AnyVisiblePatch/Tiles_1m/FullRiver_tile/E001_FullRiver_tile_1m_OR_SantiamRiverTB_Topobathy_1_D23_ID815.tif,/tank/data/SFS/xinyis/data/bathymetry/Processed_Results/Tiles_for_MAE_FullRiver_E001c_AnyVisiblePatch/Tiles_1m/Hidden_Mask/E001_tile_1m_OR_SantiamRiverTB_Topobathy_1_D23_ID815_HiddenMask.tif,/tank/data/SFS/xinyis/data/bathymetry/Processed_Results/Tiles_for_MAE_FullRiver_E001c_AnyVisiblePatch/Tiles_1m/Loss_Mask_Pixel/E001_tile_1m_OR_SantiamRiverTB_Topobathy_1_D23_ID815_LossMaskPixel.tif,/tank/data/SFS/xinyis/data/bathymetry/Processed_Results/Tiles_for_MAE_FullRiver_E001c_AnyVisiblePatch/Tiles_1m/Core_Loss_Mask_Pixel/E001_tile_1m_OR_SantiamRiverTB_Topobathy_1_D23_ID815_CoreLossMaskPixel.tif,/tank/data/SFS/xinyis/data/bathymetry/MAE-Topography/Downstream_Task_Bathy_relax_HiddenMask/results/FullRiver_Predictions_F044_MeterOnly_D001cAnyVisiblePatch/holdout_Santiam_D044MeterOnly_D001cAnyVisiblePatch_D001NoDataSafe/OR_SantiamRiverTB_Topobathy_1_D23/tile_predictions_core_final_loss_avg/F044_avg_pred_m_1m_OR_SantiamRiverTB_Topobathy_1_D23_ID815_core_final_loss.tif,/tank/data/SFS/xinyis/data/bathymetry/MAE-Topography/Downstream_Task_Bathy_relax_HiddenMask/results/FullRiver_Predictions_F044_MeterOnly_D001cAnyVisiblePatch/holdout_Santiam_D044MeterOnly_D001cAnyVisiblePatch_D001NoDataSafe/OR_SantiamRiverTB_Topobathy_1_D23/tile_overlap_count_core_final_loss/F044_overlap_count_1m_OR_SantiamRiverTB_Topobathy_1_D23_ID815_core_final_loss.tif,9434,21766,336,336,4772,7936,2048,2048,2724,1,1,1.86572265625,3
Santiam,OR_SantiamRiverTB_Topobathy_1_D23,Santiam_L253_P000815-000824,816,1m_OR_SantiamRiverTB_Topobathy_1_D23_ID816,/tank/data/SFS/xinyis/data/bathymetry/Processed_Results/Tiles_for_MAE_FullRiver_E001c_AnyVisiblePatch/Tiles_1m/FullRiver_tile/E001_FullRiver_tile_1m_OR_SantiamRiverTB_Topobathy_1_D23_ID816.tif,/tank/data/SFS/xinyis/data/bathymetry/Processed_Results/Tiles_for_MAE_FullRiver_E001c_AnyVisiblePatch/Tiles_1m/Hidden_Mask/E001_tile_1m_OR_SantiamRiverTB_Topobathy_1_D23_ID816_HiddenMask.tif,/tank/data/SFS/xinyis/data/bathymetry/Processed_Results/Tiles_for_MAE_FullRiver_E001c_AnyVisiblePatch/Tiles_1m/Loss_Mask_Pixel/E001_tile_1m_OR_SantiamRiverTB_Topobathy_1_D23_ID816_LossMaskPixel.tif,/tank/data/SFS/xinyis/data/bathymetry/Processed_Results/Tiles_for_MAE_FullRiver_E001c_AnyVisiblePatch/Tiles_1m/Core_Loss_Mask_Pixel/E001_tile_1m_OR_SantiamRiverTB_Topobathy_1_D23_ID816_CoreLossMaskPixel.tif,/tank/data/SFS/xinyis/data/bathymetry/MAE-Topography/Downstream_Task_Bathy_relax_HiddenMask/results/FullRiver_Predictions_F044_MeterOnly_D001cAnyVisiblePatch/holdout_Santiam_D044MeterOnly_D001cAnyVisiblePatch_D001NoDataSafe/OR_SantiamRiverTB_Topobathy_1_D23/tile_predictions_core_final_loss_avg/F044_avg_pred_m_1m_OR_SantiamRiverTB_Topobathy_1_D23_ID816_core_final_loss.tif,/tank/data/SFS/xinyis/data/bathymetry/MAE-Topography/Downstream_Task_Bathy_relax_HiddenMask/results/FullRiver_Predictions_F044_MeterOnly_D001cAnyVisiblePatch/holdout_Santiam_D044MeterOnly_D001cAnyVisiblePatch_D001NoDataSafe/OR_SantiamRiverTB_Topobathy_1_D23/tile_overlap_count_core_final_loss/F044_overlap_count_1m_OR_SantiamRiverTB_Topobathy_1_D23_ID816_core_final_loss.tif,9378,21772,336,336,4453,9472,3584,3584,869,1,1,1.5089285714285714,3
Santiam,OR_SantiamRiverTB_Topobathy_1_D23,Santiam_L253_P000815-000824,817,1m_OR_SantiamRiverTB_Topobathy_1_D23_ID817,/tank/data/SFS/xinyis/data/bathymetry/Processed_Results/Tiles_for_MAE_FullRiver_E001c_AnyVisiblePatch/Tiles_1m/FullRiver_tile/E001_FullRiver_tile_1m_OR_SantiamRiverTB_Topobathy_1_D23_ID817.tif,/tank/data/SFS/xinyis/data/bathymetry/Processed_Results/Tiles_for_MAE_FullRiver_E001c_AnyVisiblePatch/Tiles_1m/Hidden_Mask/E001_tile_1m_OR_SantiamRiverTB_Topobathy_1_D23_ID817_HiddenMask.tif,/tank/data/SFS/xinyis/data/bathymetry/Processed_Results/Tiles_for_MAE_FullRiver_E001c_AnyVisiblePatch/Tiles_1m/Loss_Mask_Pixel/E001_tile_1m_OR_SantiamRiverTB_Topobathy_1_D23_ID817_LossMaskPixel.tif,/tank/data/SFS/xinyis/data/bathymetry/Processed_Results/Tiles_for_MAE_FullRiver_E001c_AnyVisiblePatch/Tiles_1m/Core_Loss_Mask_Pixel/E001_tile_1m_OR_SantiamRiverTB_Topobathy_1_D23_ID817_CoreLossMaskPixel.tif,/tank/data/SFS/xinyis/data/bathymetry/MAE-Topography/Downstream_Task_Bathy_relax_HiddenMask/results/FullRiver_Predictions_F044_MeterOnly_D001cAnyVisiblePatch/holdout_Santiam_D044MeterOnly_D001cAnyVisiblePatch_D001NoDataSafe/OR_SantiamRiverTB_Topobathy_1_D23/tile_predictions_core_final_loss_avg/F044_avg_pred_m_1m_OR_SantiamRiverTB_Topobathy_1_D23_ID817_core_final_loss.tif,/tank/data/SFS/xinyis/data/bathymetry/MAE-Topography/Downstream_Task_Bathy_relax_HiddenMask/results/FullRiver_Predictions_F044_MeterOnly_D001cAnyVisiblePatch/holdout_Santiam_D044MeterOnly_D001cAnyVisiblePatch_D001NoDataSafe/OR_SantiamRiverTB_Topobathy_1_D23/tile_overlap_count_core_final_loss/F044_overlap_count_1m_OR_SantiamRiverTB_Topobathy_1_D23_ID817_core_final_loss.tif,9323,21779,336,336,4561,9472,2048,2048,2513,1,1,1.955078125,3
Santiam,OR_SantiamRiverTB_Topobathy_1_D23,Santiam_L253_P000815-000824,818,1m_OR_SantiamRiverTB_Topobathy_1_D23_ID818,/tank/data/SFS/xinyis/data/bathymetry/Processed_Results/Tiles_for_MAE_FullRiver_E001c_AnyVisiblePatch/Tiles_1m/FullRiver_tile/E001_FullRiver_tile_1m_OR_SantiamRiverTB_Topobathy_1_D23_ID818.tif,/tank/data/SFS/xinyis/data/bathymetry/Processed_Results/Tiles_for_MAE_FullRiver_E001c_AnyVisiblePatch/Tiles_1m/Hidden_Mask/E001_tile_1m_OR_SantiamRiverTB_Topobathy_1_D23_ID818_HiddenMask.tif,/tank/data/SFS/xinyis/data/bathymetry/Processed_Results/Tiles_for_MAE_FullRiver_E001c_AnyVisiblePatch/Tiles_1m/Loss_Mask_Pixel/E001_tile_1m_OR_SantiamRiverTB_Topobathy_1_D23_ID818_LossMaskPixel.tif,/tank/data/SFS/xinyis/data/bathymetry/Processed_Results/Tiles_for_MAE_FullRiver_E001c_AnyVisiblePatch/Tiles_1m/Core_Loss_Mask_Pixel/E001_tile_1m_OR_SantiamRiverTB_Topobathy_1_D23_ID818_CoreLossMaskPixel.tif,/tank/data/SFS/xinyis/data/bathymetry/MAE-Topography/Downstream_Task_Bathy_relax_HiddenMask/results/FullRiver_Predictions_F044_MeterOnly_D001cAnyVisiblePatch/holdout_Santiam_D044MeterOnly_D001cAnyVisiblePatch_D001NoDataSafe/OR_SantiamRiverTB_Topobathy_1_D23/tile_predictions_core_final_loss_avg/F044_avg_pred_m_1m_OR_SantiamRiverTB_Topobathy_1_D23_ID818_core_final_loss.tif,/tank/data/SFS/xinyis/data/bathymetry/MAE-Topography/Downstream_Task_Bathy_relax_HiddenMask/results/FullRiver_Predictions_F044_MeterOnly_D001cAnyVisiblePatch/holdout_Santiam_D044MeterOnly_D001cAnyVisiblePatch_D001NoDataSafe/OR_SantiamRiverTB_Topobathy_1_D23/tile_overlap_count_core_final_loss/F044_overlap_count_1m_OR_SantiamRiverTB_Topobathy_1_D23_ID818_core_final_loss.tif,9267,21766,336,336,5522,10496,3840,3840,1682,1,1,1.7359375,3
Santiam,OR_SantiamRiverTB_Topobathy_1_D23,Santiam_L253_P000815-000824,819,1m_OR_SantiamRiverTB_Topobathy_1_D23_ID819,/tank/data/SFS/xinyis/data/bathymetry/Processed_Results/Tiles_for_MAE_FullRiver_E001c_AnyVisiblePatch/Tiles_1m/FullRiver_tile/E001_FullRiver_tile_1m_OR_SantiamRiverTB_Topobathy_1_D23_ID819.tif,/tank/data/SFS/xinyis/data/bathymetry/Processed_Results/Tiles_for_MAE_FullRiver_E001c_AnyVisiblePatch/Tiles_1m/Hidden_Mask/E001_tile_1m_OR_SantiamRiverTB_Topobathy_1_D23_ID819_HiddenMask.tif,/tank/data/SFS/xinyis/data/bathymetry/Processed_Results/Tiles_for_MAE_FullRiver_E001c_AnyVisiblePatch/Tiles_1m/Loss_Mask_Pixel/E001_tile_1m_OR_SantiamRiverTB_Topobathy_1_D23_ID819_LossMaskPixel.tif,/tank/data/SFS/xinyis/data/bathymetry/Processed_Results/Tiles_for_MAE_FullRiver_E001c_AnyVisiblePatch/Tiles_1m/Core_Loss_Mask_Pixel/E001_tile_1m_OR_SantiamRiverTB_Topobathy_1_D23_ID819_CoreLossMaskPixel.tif,/tank/data/SFS/xinyis/data/bathymetry/MAE-Topography/Downstream_Task_Bathy_relax_HiddenMask/results/FullRiver_Predictions_F044_MeterOnly_D001cAnyVisiblePatch/holdout_Santiam_D044MeterOnly_D001cAnyVisiblePatch_D001NoDataSafe/OR_SantiamRiverTB_Topobathy_1_D23/tile_predictions_core_final_loss_avg/F044_avg_pred_m_1m_OR_SantiamRiverTB_Topobathy_1_D23_ID819_core_final_loss.tif,/tank/data/SFS/xinyis/data/bathymetry/MAE-Topography/Downstream_Task_Bathy_relax_HiddenMask/results/FullRiver_Predictions_F044_MeterOnly_D001cAnyVisiblePatch/holdout_Santiam_D044MeterOnly_D001cAnyVisiblePatch_D001NoDataSafe/OR_SantiamRiverTB_Topobathy_1_D23/tile_overlap_count_core_final_loss/F044_overlap_count_1m_OR_SantiamRiverTB_Topobathy_1_D23_ID819_core_final_loss.tif,9212,21772,336,336,6457,11264,3840,3840,2617,1,1,1.90859375,3
Santiam,OR_SantiamRiverTB_Topobathy_1_D23,Santiam_L253_P000815-000824,820,1m_OR_SantiamRiverTB_Topobathy_1_D23_ID820,/tank/data/SFS/xinyis/data/bathymetry/Processed_Results/Tiles_for_MAE_FullRiver_E001c_AnyVisiblePatch/Tiles_1m/FullRiver_tile/E001_FullRiver_tile_1m_OR_SantiamRiverTB_Topobathy_1_D23_ID820.tif,/tank/data/SFS/xinyis/data/bathymetry/Processed_Results/Tiles_for_MAE_FullRiver_E001c_AnyVisiblePatch/Tiles_1m/Hidden_Mask/E001_tile_1m_OR_SantiamRiverTB_Topobathy_1_D23_ID820_HiddenMask.tif,/tank/data/SFS/xinyis/data/bathymetry/Processed_Results/Tiles_for_MAE_FullRiver_E001c_AnyVisiblePatch/Tiles_1m/Loss_Mask_Pixel/E001_tile_1m_OR_SantiamRiverTB_Topobathy_1_D23_ID820_LossMaskPixel.tif,/tank/data/SFS/xinyis/data/bathymetry/Processed_Results/Tiles_for_MAE_FullRiver_E001c_AnyVisiblePatch/Tiles_1m/Core_Loss_Mask_Pixel/E001_tile_1m_OR_SantiamRiverTB_Topobathy_1_D23_ID820_CoreLossMaskPixel.tif,/tank/data/SFS/xinyis/data/bathymetry/MAE-Topography/Downstream_Task_Bathy_relax_HiddenMask/results/FullRiver_Predictions_F044_MeterOnly_D001cAnyVisiblePatch/holdout_Santiam_D044MeterOnly_D001cAnyVisiblePatch_D001NoDataSafe/OR_SantiamRiverTB_Topobathy_1_D23/tile_predictions_core_final_loss_avg/F044_avg_pred_m_1m_OR_SantiamRiverTB_Topobathy_1_D23_ID820_core_final_loss.tif,/tank/data/SFS/xinyis/data/bathymetry/MAE-Topography/Downstream_Task_Bathy_relax_HiddenMask/results/FullRiver_Predictions_F044_MeterOnly_D001cAnyVisiblePatch/holdout_Santiam_D044MeterOnly_D001cAnyVisiblePatch_D001NoDataSafe/OR_SantiamRiverTB_Topobathy_1_D23/tile_overlap_count_core_final_loss/F044_overlap_count_1m_OR_SantiamRiverTB_Topobathy_1_D23_ID820_core_final_loss.tif,9156,21779,336,336,6827,12288,4864,4864,1963,1,1,1.9274259868421053,3
Santiam,OR_SantiamRiverTB_Topobathy_1_D23,Santiam_L253_P000815-000824,821,1m_OR_SantiamRiverTB_Topobathy_1_D23_ID821,/tank/data/SFS/xinyis/data/bathymetry/Processed_Results/Tiles_for_MAE_FullRiver_E001c_AnyVisiblePatch/Tiles_1m/FullRiver_tile/E001_FullRiver_tile_1m_OR_SantiamRiverTB_Topobathy_1_D23_ID821.tif,/tank/data/SFS/xinyis/data/bathymetry/Processed_Results/Tiles_for_MAE_FullRiver_E001c_AnyVisiblePatch/Tiles_1m/Hidden_Mask/E001_tile_1m_OR_SantiamRiverTB_Topobathy_1_D23_ID821_HiddenMask.tif,/tank/data/SFS/xinyis/data/bathymetry/Processed_Results/Tiles_for_MAE_FullRiver_E001c_AnyVisiblePatch/Tiles_1m/Loss_Mask_Pixel/E001_tile_1m_OR_SantiamRiverTB_Topobathy_1_D23_ID821_LossMaskPixel.tif,/tank/data/SFS/xinyis/data/bathymetry/Processed_Results/Tiles_for_MAE_FullRiver_E001c_AnyVisiblePatch/Tiles_1m/Core_Loss_Mask_Pixel/E001_tile_1m_OR_SantiamRiverTB_Topobathy_1_D23_ID821_CoreLossMaskPixel.tif,/tank/data/SFS/xinyis/data/bathymetry/MAE-Topography/Downstream_Task_Bathy_relax_HiddenMask/results/FullRiver_Predictions_F044_MeterOnly_D001cAnyVisiblePatch/holdout_Santiam_D044MeterOnly_D001cAnyVisiblePatch_D001NoDataSafe/OR_SantiamRiverTB_Topobathy_1_D23/tile_predictions_core_final_loss_avg/F044_avg_pred_m_1m_OR_SantiamRiverTB_Topobathy_1_D23_ID821_core_final_loss.tif,/tank/data/SFS/xinyis/data/bathymetry/MAE-Topography/Downstream_Task_Bathy_relax_HiddenMask/results/FullRiver_Predictions_F044_MeterOnly_D001cAnyVisiblePatch/holdout_Santiam_D044MeterOnly_D001cAnyVisiblePatch_D001NoDataSafe/OR_SantiamRiverTB_Topobathy_1_D23/tile_overlap_count_core_final_loss/F044_overlap_count_1m_OR_SantiamRiverTB_Topobathy_1_D23_ID821_core_final_loss.tif,9101,21792,336,336,7179,13056,5120,5120,2059,1,1,2.089453125,3
Santiam,OR_SantiamRiverTB_Topobathy_1_D23,Santiam_L253_P000815-000824,822,1m_OR_SantiamRiverTB_Topobathy_1_D23_ID822,/tank/data/SFS/xinyis/data/bathymetry/Processed_Results/Tiles_for_MAE_FullRiver_E001c_AnyVisiblePatch/Tiles_1m/FullRiver_tile/E001_FullRiver_tile_1m_OR_SantiamRiverTB_Topobathy_1_D23_ID822.tif,/tank/data/SFS/xinyis/data/bathymetry/Processed_Results/Tiles_for_MAE_FullRiver_E001c_AnyVisiblePatch/Tiles_1m/Hidden_Mask/E001_tile_1m_OR_SantiamRiverTB_Topobathy_1_D23_ID822_HiddenMask.tif,/tank/data/SFS/xinyis/data/bathymetry/Processed_Results/Tiles_for_MAE_FullRiver_E001c_AnyVisiblePatch/Tiles_1m/Loss_Mask_Pixel/E001_tile_1m_OR_SantiamRiverTB_Topobathy_1_D23_ID822_LossMaskPixel.tif,/tank/data/SFS/xinyis/data/bathymetry/Processed_Results/Tiles_for_MAE_FullRiver_E001c_AnyVisiblePatch/Tiles_1m/Core_Loss_Mask_Pixel/E001_tile_1m_OR_SantiamRiverTB_Topobathy_1_D23_ID822_CoreLossMaskPixel.tif,/tank/data/SFS/xinyis/data/bathymetry/MAE-Topography/Downstream_Task_Bathy_relax_HiddenMask/results/FullRiver_Predictions_F044_MeterOnly_D001cAnyVisiblePatch/holdout_Santiam_D044MeterOnly_D001cAnyVisiblePatch_D001NoDataSafe/OR_SantiamRiverTB_Topobathy_1_D23/tile_predictions_core_final_loss_avg/F044_avg_pred_m_1m_OR_SantiamRiverTB_Topobathy_1_D23_ID822_core_final_loss.tif,/tank/data/SFS/xinyis/data/bathymetry/MAE-Topography/Downstream_Task_Bathy_relax_HiddenMask/results/FullRiver_Predictions_F044_MeterOnly_D001cAnyVisiblePatch/holdout_Santiam_D044MeterOnly_D001cAnyVisiblePatch_D001NoDataSafe/OR_SantiamRiverTB_Topobathy_1_D23/tile_overlap_count_core_final_loss/F044_overlap_count_1m_OR_SantiamRiverTB_Topobathy_1_D23_ID822_core_final_loss.tif,9054,21825,336,336,6459,12544,4096,4096,2363,1,1,2.086181640625,3
Santiam,OR_SantiamRiverTB_Topobathy_1_D23,Santiam_L253_P000815-000824,823,1m_OR_SantiamRiverTB_Topobathy_1_D23_ID823,/tank/data/SFS/xinyis/data/bathymetry/Processed_Results/Tiles_for_MAE_FullRiver_E001c_AnyVisiblePatch/Tiles_1m/FullRiver_tile/E001_FullRiver_tile_1m_OR_SantiamRiverTB_Topobathy_1_D23_ID823.tif,/tank/data/SFS/xinyis/data/bathymetry/Processed_Results/Tiles_for_MAE_FullRiver_E001c_AnyVisiblePatch/Tiles_1m/Hidden_Mask/E001_tile_1m_OR_SantiamRiverTB_Topobathy_1_D23_ID823_HiddenMask.tif,/tank/data/SFS/xinyis/data/bathymetry/Processed_Results/Tiles_for_MAE_FullRiver_E001c_AnyVisiblePatch/Tiles_1m/Loss_Mask_Pixel/E001_tile_1m_OR_SantiamRiverTB_Topobathy_1_D23_ID823_LossMaskPixel.tif,/tank/data/SFS/xinyis/data/bathymetry/Processed_Results/Tiles_for_MAE_FullRiver_E001c_AnyVisiblePatch/Tiles_1m/Core_Loss_Mask_Pixel/E001_tile_1m_OR_SantiamRiverTB_Topobathy_1_D23_ID823_CoreLossMaskPixel.tif,/tank/data/SFS/xinyis/data/bathymetry/MAE-Topography/Downstream_Task_Bathy_relax_HiddenMask/results/FullRiver_Predictions_F044_MeterOnly_D001cAnyVisiblePatch/holdout_Santiam_D044MeterOnly_D001cAnyVisiblePatch_D001NoDataSafe/OR_SantiamRiverTB_Topobathy_1_D23/tile_predictions_core_final_loss_avg/F044_avg_pred_m_1m_OR_SantiamRiverTB_Topobathy_1_D23_ID823_core_final_loss.tif,/tank/data/SFS/xinyis/data/bathymetry/MAE-Topography/Downstream_Task_Bathy_relax_HiddenMask/results/FullRiver_Predictions_F044_MeterOnly_D001cAnyVisiblePatch/holdout_Santiam_D044MeterOnly_D001cAnyVisiblePatch_D001NoDataSafe/OR_SantiamRiverTB_Topobathy_1_D23/tile_overlap_count_core_final_loss/F044_overlap_count_1m_OR_SantiamRiverTB_Topobathy_1_D23_ID823_core_final_loss.tif,8999,21851,336,336,5756,13568,3840,3840,1916,1,1,1.825,3
Santiam,OR_SantiamRiverTB_Topobathy_1_D23,Santiam_L253_P000815-000824,824,1m_OR_SantiamRiverTB_Topobathy_1_D23_ID824,/tank/data/SFS/xinyis/data/bathymetry/Processed_Results/Tiles_for_MAE_FullRiver_E001c_AnyVisiblePatch/Tiles_1m/FullRiver_tile/E001_FullRiver_tile_1m_OR_SantiamRiverTB_Topobathy_1_D23_ID824.tif,/tank/data/SFS/xinyis/data/bathymetry/Processed_Results/Tiles_for_MAE_FullRiver_E001c_AnyVisiblePatch/Tiles_1m/Hidden_Mask/E001_tile_1m_OR_SantiamRiverTB_Topobathy_1_D23_ID824_HiddenMask.tif,/tank/data/SFS/xinyis/data/bathymetry/Processed_Results/Tiles_for_MAE_FullRiver_E001c_AnyVisiblePatch/Tiles_1m/Loss_Mask_Pixel/E001_tile_1m_OR_SantiamRiverTB_Topobathy_1_D23_ID824_LossMaskPixel.tif,/tank/data/SFS/xinyis/data/bathymetry/Processed_Results/Tiles_for_MAE_FullRiver_E001c_AnyVisiblePatch/Tiles_1m/Core_Loss_Mask_Pixel/E001_tile_1m_OR_SantiamRiverTB_Topobathy_1_D23_ID824_CoreLossMaskPixel.tif,/tank/data/SFS/xinyis/data/bathymetry/MAE-Topography/Downstream_Task_Bathy_relax_HiddenMask/results/FullRiver_Predictions_F044_MeterOnly_D001cAnyVisiblePatch/holdout_Santiam_D044MeterOnly_D001cAnyVisiblePatch_D001NoDataSafe/OR_SantiamRiverTB_Topobathy_1_D23/tile_predictions_core_final_loss_avg/F044_avg_pred_m_1m_OR_SantiamRiverTB_Topobathy_1_D23_ID824_core_final_loss.tif,/tank/data/SFS/xinyis/data/bathymetry/MAE-Topography/Downstream_Task_Bathy_relax_HiddenMask/results/FullRiver_Predictions_F044_MeterOnly_D001cAnyVisiblePatch/holdout_Santiam_D044MeterOnly_D001cAnyVisiblePatch_D001NoDataSafe/OR_SantiamRiverTB_Topobathy_1_D23/tile_overlap_count_core_final_loss/F044_overlap_count_1m_OR_SantiamRiverTB_Topobathy_1_D23_ID824_core_final_loss.tif,8943,21877,336,336,6027,12288,3584,3584,2443,1,1,2.058872767857143,3
